"","(1,R1)","(2,R1)","(3,R1)"
"1",0.00815121808583819,0.939856886746117,0.0519918951680443
"2",0.00283798775986616,0.980650319213936,0.0165116930261983
"3",0.0117016487136275,0.972761708308984,0.0155366429773885
"4",0.986933028042753,0.011932414834385,0.00113455712286212
"5",0.00129545702471186,0.983164646015576,0.0155398969597118
"6",0.00241244934129337,0.937796585084518,0.0597909655741884
"7",0.000869235976131087,0.984067947221826,0.0150628168020433
"8",0.00202998339335493,0.942923011974874,0.0550470046317715
"9",0.000231642025439476,0.991232231789218,0.00853612618534243
"10",0.000801581764743014,0.963122454568101,0.0360759636671565
"11",0.00180425317028637,0.846540197583755,0.151655549245959
"12",0.00250616120239887,0.813330635986212,0.184163202811389
"13",2.66245381349023e-06,0.999973084203759,2.42533424278984e-05
"14",1.18294891000047e-07,0.999999620732398,2.60972710795679e-07
"15",1.1962368635048e-07,0.999999672427402,2.07948912194438e-07
"16",2.73431829570585e-06,0.999978283655049,1.89820266554199e-05
"17",6.234344707501e-05,0.999870489783485,6.71667694402503e-05
"18",7.55511348266397e-05,0.999848821765245,7.56270999281982e-05
"19",4.2827453872161e-05,0.999914312880585,4.28596655427626e-05
"20",0.000263765694010851,0.996534679933254,0.00320155437273542
"21",0.000432409848477405,0.998651942803444,0.000915647348078144
"22",0.00297138148116117,0.9962604426458,0.000768175873038774
"23",0.00066796892643778,0.999101714557412,0.000230316516150257
"24",0.00105164428302307,0.423670006849329,0.575278348867648
"25",0.00163367362890655,0.427259159432898,0.571107166938195
"26",0.000224021712605446,0.0103529429146737,0.989423035372721
"27",3.76473156933166e-05,0.00104212098939856,0.998920231694908
"28",0.00051273464661625,0.00102847208147853,0.998458793271905
"29",1.35449016454847e-05,4.36809020780618e-05,0.999942774196277
"30",7.66819250054129e-07,0.999998464166986,7.69013763670464e-07
"31",8.02778350137461e-06,0.999983944326927,8.02788957126345e-06
"32",3.18726402088784e-05,0.999936254719083,3.1872640708039e-05
"33",1.34397820174394e-06,0.999997312041647,1.34398015143313e-06
"34",9.65585425800969e-05,0.999806882914528,9.65585428917049e-05
"35",1.13703079174731e-06,0.999997725938417,1.13703079182687e-06
"36",3.12069696683757e-06,0.999993758605864,3.12069716948808e-06
"37",6.21335445026056e-05,0.99987573291099,6.21335445074186e-05
"38",1.12896626997534e-05,0.999977420674583,1.12896627175367e-05
"39",1.92559539067761e-05,0.999961488092186,1.92559539068805e-05
"40",1.06076546178208e-05,0.999978784690764,1.06076546183562e-05
"41",8.11755552589773e-07,0.999998376488895,8.11755552593566e-07
"42",1.09387045109491e-05,0.999978122590978,1.09387045109491e-05
"43",5.73725461871849e-07,0.999998852549076,5.73725461872078e-07
"44",1.08648137416865e-05,0.999978270372517,1.08648137416865e-05
"45",1.02863646604961e-05,0.999979427270679,1.02863646604961e-05
"46",2.27608861448395e-06,0.999995533158699,2.1907526862283e-06
"47",2.22462024813432e-05,0.999955513249456,2.22405480626303e-05
"48",5.96648979047533e-05,0.999880672074685,5.96630274103323e-05
"49",4.83633219418136e-06,0.999994330981155,8.32686651181706e-07
"50",9.99687620057567e-06,0.999980171164683,9.83195911607666e-06
"51",4.36954003351143e-05,0.999912613243947,4.36913557176589e-05
"52",2.67038680956375e-05,0.999946611493164,2.66846387401415e-05
"53",2.64042412708697e-05,0.99994719203467,2.64037240595567e-05
"54",0.000121619206831112,0.999875584489692,2.79630347715642e-06
"55",0.0068958064687437,0.993038633492443,6.55600388129595e-05
"56",0.0328569144409884,0.965794548735259,0.00134853682375256
"57",0.0246345085868001,0.974263948248024,0.00110154316517577
"58",8.54580564769491e-06,0.99998416639032,7.28780403205153e-06
"59",5.42624721428105e-06,0.999989150366561,5.42338622483599e-06
"60",8.56338267462335e-07,0.999998312309254,8.31352478565135e-07
"61",9.69874075780718e-06,0.999980604433308,9.69682593397433e-06
"62",8.51085907451144e-06,0.999982978315638,8.51082528784131e-06
"63",1.74726468908415e-06,0.999996505891965,1.74684334578412e-06
"64",1.02183253520521e-05,0.99997956338977,1.02182848780162e-05
"65",2.20462607759112e-06,0.999995590751346,2.2046225761766e-06
"66",1.2851168784671e-06,0.999997429766397,1.28511672425648e-06
"67",9.71971863067282e-07,0.999998056056275,9.71971861924312e-07
"68",9.47678156765014e-06,0.999989265870775,1.25734765703906e-06
"69",0.0161911290796211,0.982171521285589,0.00163734963479029
"70",1.06755796557626e-06,0.999998525041675,4.07400359064745e-07
"71",3.25891501848888e-05,0.999934823749285,3.25871005296503e-05
"72",1.81688733421844e-08,0.999999967100765,1.47303615357677e-08
"73",5.04202361264154e-07,0.999999210810301,2.84987337903133e-07
"74",0.000165077569589399,0.999669855857266,0.000165066573144838
"75",2.32255721008729e-06,0.999997421884712,2.55558077485528e-07
"76",4.60054944849729e-07,0.999999126714567,4.13230488026107e-07
"77",4.54484106804329e-05,0.999909122263499,4.54293258200056e-05
"78",8.56338367887091e-05,0.999828732788867,8.5633374344347e-05
"79",1.05881753969984e-05,0.999978837364857,1.0574459745896e-05
"80",0.0565334631164919,0.886933085156849,0.0565334517266588
"81",9.19703577159039e-07,0.999998161448996,9.18847426548125e-07
"82",4.38837557277316e-06,0.999991223573882,4.38805054565994e-06
"83",0.000122430751546981,0.999755138535964,0.000122430712489495
"84",0.000107481585769224,0.999785036844436,0.000107481569794503
"85",1.83100819516419e-05,0.999963379851624,1.83100664241794e-05
"86",1.68508923132815e-05,0.999966298215492,1.68508921952714e-05
"87",3.89826793329486e-06,0.999992203464465,3.89826760126365e-06
"88",1.96611634914427e-05,0.99996067767303,1.96611634788531e-05
"89",1.85420026749566e-05,0.999962915994697,1.85420026282775e-05
"90",0.00269964962490092,0.997088606061939,0.000211744313159911
"91",0.00140657719165987,0.995819612038774,0.00277381076956628
"92",0.02110460503134,0.518063458206078,0.460831936762582
"93",0.000181933106337455,0.999483351860525,0.000334715033138086
"94",7.64389026053705e-05,0.999827764390655,9.57967067391852e-05
"95",0.0719572215050246,0.927493741419697,0.000549037075278072
"96",0.000440586229580957,0.9994985133634,6.09004070189472e-05
"97",0.892197454234395,0.107124258329581,0.000678287436023707
"98",0.998140777588943,0.00183117702711243,2.80453839444202e-05
"99",0.999508434513419,0.000419398613761248,7.21668728194655e-05
"100",0.99990907460453,8.66483783951763e-05,4.27701707525102e-06
"101",0.999995466194382,3.64103022561316e-06,8.92775392363423e-07
"102",0.999981308543443,9.41007475811784e-06,9.28138179924104e-06
"103",0.999966791927351,1.66054116625935e-05,1.66026609867492e-05
"104",0.999962447840698,1.87780671970608e-05,1.87740921053819e-05
"105",0.999993701348832,3.18384464247188e-06,3.11480652560038e-06
"106",0.99997675206715,1.16242501623097e-05,1.16236826873404e-05
"107",0.99999290343767,3.55036554849906e-06,3.54619678104134e-06
"108",0.999970018934923,1.49907384603299e-05,1.49903266164931e-05
"109",0.999991503265414,4.24837368893626e-06,4.24836089696078e-06
"110",2.34600391310542e-07,0.99999953093761,2.3446199880804e-07
"111",0.000165261283526986,0.999669477439567,0.000165261276905686
"112",1.31647114373392e-08,0.999999973670951,1.31643375993642e-08
"113",6.16929968801604e-07,0.999998765698553,6.17371478333629e-07
"114",6.55973136118058e-06,0.999986715908419,6.72436021977612e-06
"115",8.29789954626666e-05,0.999834035822346,8.29851821913337e-05
"116",5.36720454791502e-06,0.999986980017029,7.65277842311638e-06
"117",6.67569617292915e-05,0.999866374195506,6.68688427646771e-05
"118",8.21926745844096e-06,0.999887134586116,0.00010464614642601
"119",0.000754181829147646,0.983636239151024,0.0156095790198281
"120",2.93073892542445e-06,0.999989157499666,7.91176140881041e-06
"121",2.49995049323336e-05,0.999949287868881,2.57126261861344e-05
"122",2.56693993549495e-05,0.999948471627293,2.58589733524943e-05
"123",2.31948831329069e-06,0.999995361007601,2.31950408562052e-06
"124",0.000109417177197306,0.999781165644884,0.00010941717791853
"125",3.14662294367876e-06,0.999993706752697,3.14662435958669e-06
"126",7.19007318401367e-05,0.999856198536286,7.1900731874347e-05
"127",3.3650868501201e-06,0.999993269826253,3.36508689707472e-06
"128",7.12992704544815e-05,0.999857401459088,7.12992704572856e-05
"129",6.34959100653407e-07,0.999998730081798,6.34959100965454e-07
"130",4.45312513698939e-05,0.99991093749726,4.45312513699475e-05
"131",2.54713228062847e-06,0.999994905735439,2.54713228070139e-06
"132",6.12914747123042e-06,0.999987741705058,6.12914747123323e-06
"133",1.34372071890599e-05,0.999973125585622,1.34372071890599e-05
"134",2.26076788194159e-05,0.999954784642361,2.26076788194163e-05
"135",2.23291695816145e-08,0.999999955343388,2.23274421890132e-08
"136",2.01348204333992e-06,0.999995973033853,2.01348410384045e-06
"137",1.06773889894547e-05,0.999978645221965,1.06773890458072e-05
"138",6.09083639751827e-05,0.999878183272045,6.09083639798262e-05
"139",5.67192364973279e-05,0.999886561526996,5.67192365066843e-05
"140",6.52568956873306e-07,0.999998694793927,6.52637116026969e-07
"141",9.25719258876407e-05,0.999814856142294,9.25719318180957e-05
"142",3.92430946205358e-07,0.999999214521431,3.9304762290018e-07
"143",1.11559439824248e-05,0.999977688002176,1.11560538418133e-05
"144",1.01853244454325e-05,0.999979629348434,1.01853271206749e-05
"145",2.63867918858567e-05,0.999947226416053,2.6386792061489e-05
"146",2.47232012306407e-05,0.999950553597431,2.47232013387925e-05
"147",4.45214954947082e-06,0.999990574003761,4.97384668972609e-06
"148",8.71768167480379e-06,0.999982563063846,8.71925447959713e-06
"149",2.03103628726185e-06,0.999992987805176,4.98115853687954e-06
"150",3.26759229245533e-05,0.999934387979147,3.29360979286282e-05
"151",3.79064444203402e-05,0.999453880529126,0.000508213026453249
"152",5.57731064671196e-06,0.999986278554784,8.14413456935486e-06
"153",0.000339712332448757,0.96689024696634,0.0327700407012116
"154",1.58371920018394e-08,0.99999996844265,1.57201583576726e-08
"155",9.53044413841604e-07,0.99999809391585,9.53039735655733e-07
"156",5.98833312799537e-06,0.999988023333811,5.98833306058938e-06
"157",7.57197770645543e-05,0.999848560445876,7.57197770595171e-05
"158",1.57441288222085e-06,0.999996851174237,1.57441288103384e-06
"159",5.16689519660409e-05,0.999896662096068,5.16689519659e-05
"160",2.55908371791866e-06,0.999994881832564,2.55908371786246e-06
"161",3.48693921193969e-05,0.999930261215761,3.48693921193947e-05
"162",3.42692733628024e-06,0.999993146145327,3.42692733627886e-06
"163",2.07609339167903e-05,0.999958478132166,2.07609339167902e-05
"164",2.08080090275707e-05,0.999958383981945,2.08080090275706e-05
"165",1.45300414824748e-06,0.999997093991773,1.45300407832699e-06
"166",8.09730884184376e-06,0.999983805382319,8.09730883885003e-06
"167",5.18490633226422e-05,0.999896301873355,5.18490633225594e-05
"168",1.20110306368136e-05,0.999975977938727,1.20110306366302e-05
"169",6.70882234329967e-06,0.999986582355313,6.70882234329925e-06
"170",3.51321466622912e-06,0.999992973570668,3.5132146662269e-06
"171",1.5133156576746e-05,0.999969733686846,1.51331565767459e-05
"172",8.43253034748627e-06,0.999983134939305,8.43253034748613e-06
"173",4.68601484182516e-06,0.999990627970316,4.68601484182516e-06
"174",5.51045523696136e-07,0.999998897908944,5.51045532350687e-07
"175",2.12980221306537e-05,0.999957403955738,2.12980221315713e-05
"176",6.60429927154877e-06,0.999986791401457,6.60429927155061e-06
"177",4.20581899851081e-05,0.99991588362003,4.20581899851548e-05
"178",1.25886066175635e-06,0.999997482278496,1.25886084187767e-06
"179",2.80911912711617e-06,0.999994381761746,2.8091191272093e-06
"180",5.71016662647124e-07,0.999998857962174,5.71021163319876e-07
"181",4.27363101384438e-06,0.999991452737789,4.27363119701819e-06
"182",9.82419251512412e-07,0.999998035161494,9.82419254972348e-07
"183",2.30080054557301e-05,0.999953983989088,2.30080054559872e-05
"184",2.14068796852514e-06,0.999995718624063,2.14068796866685e-06
"185",2.14164238644877e-06,0.999995716715227,2.14164238645615e-06
"186",1.27044283281781e-06,0.999997459114334,1.27044283281794e-06
"187",2.25587441473601e-06,0.99999548825117,2.25587441473601e-06
"188",7.57551967595368e-07,0.999998484896065,7.5755196759537e-07
"189",2.37929163211435e-06,0.999995241416736,2.37929163211435e-06
"190",2.35673019455923e-06,0.999995286539611,2.35673019455923e-06
"191",4.68842637042386e-06,0.999990622430599,4.68914303086204e-06
"192",6.83968689810427e-07,0.999998621250486,6.94780824203653e-07
"193",3.43327375134195e-06,0.999993133171484,3.43355476440738e-06
"194",8.28435287165445e-06,0.999983431243955,8.28440317363411e-06
"195",3.31085531066424e-07,0.99999858329559,1.08561887915107e-06
"196",1.7090546475157e-05,0.999563211649994,0.000419697803531352
"197",0.000201462923620697,0.992226012455979,0.00757252462040035
"198",1.63164447708172e-07,0.999999663162018,1.73673533924846e-07
"199",3.11220196782703e-07,0.999999377491669,3.11288134524921e-07
"200",6.4164211519854e-06,0.999987167152262,6.41642658611476e-06
"201",5.15632960283885e-07,0.999998968732587,5.1563445303478e-07
"202",3.35361414268626e-06,0.999993292771698,3.35361415955908e-06
"203",3.69190992087325e-06,0.999992616180004,3.69191007558189e-06
"204",1.29868894261969e-07,0.999999740233291,1.29897814340151e-07
"205",1.14498677263454e-06,0.999997710024139,1.14498908809109e-06
"206",4.95417576594403e-06,0.999990091648342,4.95417589221151e-06
"207",7.74730904977823e-07,0.999998450537209,7.74731885501879e-07
"208",3.87391548818793e-06,0.999992252169008,3.87391550404974e-06
"209",4.51588366922115e-06,0.999990968232622,4.51588370916547e-06
"210",9.55289798961751e-08,0.999999857788549,4.66824707965312e-08
"211",1.28789292398765e-05,0.999974246806767,1.28742639934337e-05
"212",6.30650331306316e-05,0.999873870005052,6.30649618177965e-05
"213",3.34275734033249e-06,0.999993247075304,3.41016735543612e-06
"214",4.6485872090173e-05,0.999907015964954,4.6498162955925e-05
"215",2.60897053319986e-06,0.999993320677065,4.07035240193825e-06
"216",5.8153386662259e-07,0.999984475476852,1.49429892815652e-05
"217",7.3033385046353e-05,0.998451417957049,0.00147554865790491
"218",2.94686345882518e-05,0.999665564313135,0.000304967052276376
"219",2.84272838277352e-06,0.999935812900135,6.13443714820235e-05
"220",1.58345763776016e-05,0.999956269154753,2.78962688694211e-05
"221",7.74777138487444e-05,0.998395626800819,0.00152689548533185
"222",3.14047923257265e-06,0.999996789642558,6.98782096926257e-08
"223",1.73089921903126e-06,0.999996594852581,1.67424820028011e-06
"224",1.07642551512454e-06,0.999997847894868,1.07567961656149e-06
"225",1.97839042541173e-05,0.999960432285716,1.9783810029632e-05
"226",0.00120232480795142,0.997595350420256,0.00120232477179272
"227",2.00910327239309e-05,0.999959817937828,2.00910294479617e-05
"228",1.65177621942134e-05,0.999966964475778,1.65177620277103e-05
"229",5.48297589522695e-06,0.999989034101899,5.48292220586905e-06
"230",3.52243339464503e-05,0.999929551332935,3.52243331185143e-05
"231",9.32754912633557e-06,0.999981344904385,9.32754648904817e-06
"232",3.30361522576951e-05,0.999933927695737,3.30361520056446e-05
"233",2.214401173956e-05,0.999955711976565,2.21440116955902e-05
"234",7.52524790294779e-07,0.999998495055936,7.5241927336206e-07
"235",8.19405569319912e-06,0.999983611894102,8.19405020500862e-06
"236",9.09389090568284e-06,0.999981812218212,9.09389088194098e-06
"237",1.36833048203354e-05,0.999972633390696,1.36833044834073e-05
"238",1.67509084240878e-06,0.999996649818316,1.67509084203591e-06
"239",1.00504238538039e-05,0.999979899152298,1.00504238483864e-05
"240",7.04748344074513e-07,0.999998590511766,7.04739889498064e-07
"241",3.93727742766321e-05,0.999921254451708,3.93727740154487e-05
"242",6.09901819090808e-07,0.999998780196477,6.09901703592762e-07
"243",1.15871707230987e-05,0.999976825658561,1.15871707157397e-05
"244",1.72278632592148e-06,0.999996554427348,1.72278632591473e-06
"245",1.64204701620414e-05,0.999967159059676,1.64204701617726e-05
"246",4.75030137906238e-06,0.999990499397256,4.7503013650678e-06
"247",1.74739779515705e-05,0.999965052044097,1.74739779513506e-05
"248",1.07218218142034e-05,0.999978556356372,1.07218218139553e-05
"249",4.53425299750148e-06,0.999990931494005,4.53425299749602e-06
"250",0.000643196797144617,0.999355883611464,9.19591391256611e-07
"251",0.0136455312240014,0.98587604812179,0.000478420654208182
"252",0.916865029379855,0.0803911651606946,0.00274380545945039
"253",0.000135763956953113,0.999831315378593,3.29206644539458e-05
"254",0.000370896602431057,0.999322181974411,0.000306921423157906
"255",1.88830906149101e-06,0.999996883594185,1.22809675305998e-06
"256",5.65232946074201e-07,0.999998870816102,5.63950951649497e-07
"257",5.08940651741721e-08,0.999999899555142,4.95507928478542e-08
"258",7.60014082635869e-07,0.999998480033183,7.59952734716322e-07
"259",2.0493091686912e-08,0.999999959018728,2.04881804061361e-08
"260",5.24989475102182e-07,0.999998950021116,5.24989409229988e-07
"261",2.93726864813527e-08,0.999999941254703,2.93726100979802e-08
"262",3.82284484158838e-07,0.999999235431033,3.82284483400556e-07
"263",5.56651484206242e-08,0.999999888669703,5.5665148063704e-08
"264",1.7081061076232e-07,0.999999658378779,1.70810610759027e-07
"265",8.31372597049173e-09,0.999999983372548,8.31372597028281e-09
"266",4.53399395771052e-08,0.999999909320121,4.53399395771023e-08
"267",3.81130829521412e-08,0.999999923773834,3.81130829521359e-08
"268",0.000951933582838719,0.999045825813823,2.24060333844221e-06
"269",0.000103294224645977,0.999814586243766,8.21195315878544e-05
"270",0.00439450382292805,0.995590297453087,1.51987239845906e-05
"271",0.453149507813982,0.543811172260684,0.00303931992533423
"272",0.458244259126926,0.53981406468279,0.00194167619028382
"273",0.926860807422945,0.0520276877675228,0.0211115048095318
"274",0.91960538043778,0.0254094719109913,0.0549851476512294
"275",0.983862970795082,0.00326367414628871,0.0128733550586298
"276",0.999521353097184,0.00010956240239415,0.00036908450042192
"277",0.972662372831528,0.00229030307752892,0.0250473240909426
"278",0.00439703990201265,0.99556199660892,4.09634890670886e-05
"279",0.00581110595615192,0.993936816284626,0.000252077759221764
"280",0.0036372267231625,0.949738902149122,0.0466238711277157
"281",0.0174007285855555,0.982187761217551,0.000411510196893218
"282",0.00156252739009814,0.998262860123743,0.000174612486158958
"283",0.681080459804356,0.310408743485482,0.00851079671016217
"284",0.947732719280309,0.0498482016157831,0.00241907910390773
"285",0.69048559866833,0.294724410038801,0.0147899912928695
"286",0.181609954225123,0.536619805109966,0.281770240664911
"287",0.859477336061624,0.117446590584047,0.0230760733543294
"288",0.000193209252385864,3.96516655031587e-05,0.999767139082111
"289",0.98411919128158,0.0123159349375018,0.00356487378091791
"290",0.997990793761391,0.000604354218574536,0.00140485202003492
"291",0.976195320692828,0.00121390784717648,0.0225907714599959
"292",0.999832296788254,5.09409066146641e-05,0.000116762305131414
"293",0.99998861113418,5.6302845973216e-06,5.75858122290279e-06
"294",0.999997942545778,7.21445380444886e-07,1.3360088420491e-06
"295",0.999946023987097,2.69662481258492e-05,2.70097647768932e-05
"296",0.999999858161886,6.76101211022377e-08,7.42279933900577e-08
"297",0.999999902094272,4.8909631642997e-08,4.89960964713299e-08
"298",0.999996955494923,1.52223626665542e-06,1.52226881042012e-06
"299",0.999961361380866,1.93193086269363e-05,1.93193105069042e-05
"300",0.999995265927758,2.36703507641672e-06,2.36703716600186e-06
"301",0.99998033098892,9.83450551664219e-06,9.83450556342515e-06
"302",0.999978124098768,1.09379505261159e-05,1.09379507061179e-05
"303",0.999998620303162,6.89835538017559e-07,6.89861299916744e-07
"304",0.999980656001833,9.67199866484036e-06,9.67199950224383e-06
"305",0.999999905385587,4.73071439118193e-08,4.73072692913703e-08
"306",0.999999518823268,2.4058836561001e-07,2.40588366915856e-07
"307",0.999989607022762,5.19648861881574e-06,5.19648861885671e-06
"308",0.999994511654304,2.74417284762848e-06,2.74417284793191e-06
"309",0.999999693362362,1.53318818124606e-07,1.53318820210957e-07
"310",0.999987691580291,6.15420985429763e-06,6.15420985437505e-06
"311",0.999999017228461,4.91385769585742e-07,4.91385769654426e-07
"312",0.99999478478587,2.60760706518657e-06,2.60760706518704e-06
"313",0.999996953680618,1.52315969123084e-06,1.52315969123324e-06
"314",0.999995718099835,2.14095008228226e-06,2.14095008228232e-06
"315",0.000106626103203678,0.999877967005256,1.5406891540589e-05
"316",0.997301395783184,0.0024487328781293,0.000249871338687
"317",8.20084477700961e-07,0.999998192091708,9.87823814578967e-07
"318",1.60892610308038e-05,0.999091973960303,0.0008919367786658
"319",0.00257025353887454,0.953371968595597,0.0440577778655282
"320",3.36701429778575e-05,0.998881652939193,0.00108467691782906
"321",3.41628611846008e-05,0.000349464436611146,0.999616372702204
"322",9.1606326442396e-07,0.999989829124063,9.25481267285857e-06
"323",2.90065650796139e-05,0.999939630157464,3.13632774565545e-05
"324",0.00176726546128384,0.996464489953054,0.00176824458566231
"325",8.47102511648494e-05,0.999830451078438,8.48386703975399e-05
"326",1.24458177832938e-06,0.999997192767185,1.56265103685115e-06
"327",2.40793524737156e-05,0.999951828906848,2.40917406786646e-05
"328",3.68042862208495e-05,0.999926389476321,3.68062374585296e-05
"329",3.40897344046752e-06,0.999993167084368,3.42394219126005e-06
"330",2.10382220933351e-05,0.999957923193137,2.10385847701683e-05
"331",1.97341725972967e-05,0.999960531621686,1.97342057166906e-05
"332",6.13206039738434e-06,0.999987706722121,6.16121748214644e-06
"333",4.19876618751929e-06,0.999991369307582,4.4319262299231e-06
"334",3.38467368141712e-06,0.999987807486046,8.80784027224159e-06
"335",1.00774160540878e-05,0.999979791938606,1.01306453395098e-05
"336",1.13108215372516e-05,0.999805419319279,0.000183269859183828
"337",0.000369663744878774,0.97634442246067,0.023285913794451
"338",8.62864514223036e-06,0.999978634921116,1.27364337417092e-05
"339",6.04012175435316e-08,0.999999927412751,1.21860312842774e-08
"340",0.000791003226832711,0.999155407080667,5.35896925001587e-05
"341",6.91372545553479e-06,0.999986632318358,6.45395618611361e-06
"342",0.0108922673447659,0.9887014416683,0.000406290986934069
"343",0.918601219170098,0.0786718378355393,0.00272694299436269
"344",4.47411128323156e-05,0.999949573408138,5.68547902956886e-06
"345",3.60064669972687e-05,0.999933223742989,3.07697900133297e-05
"346",1.24656105378931e-05,0.999980890882217,6.6435072446969e-06
"347",2.47211955932852e-05,0.999950996118564,2.42826858429599e-05
"348",4.65728062723401e-08,0.999999931952404,2.14747891999133e-08
"349",0.000213381422024619,0.999573241760641,0.00021337681733442
"350",1.55393473577203e-06,0.999997714545816,7.31519447840008e-07
"351",0.0334388098853497,0.963931758828419,0.00262943128623142
"352",1.85332539104156e-06,0.99999526063695,2.88603765924722e-06
"353",0.00158263754554996,0.911364642359798,0.0870527200946522
"354",1.20523664708569e-05,0.999978696214896,9.25141863275533e-06
"355",0.314641311803956,0.480162935548441,0.205195752647603
"356",0.985661165296293,0.00978008216649415,0.0045587525372126
"357",0.000126882179306882,0.000182208887552149,0.999690908933141
"358",6.21621792777281e-07,0.999998895564073,4.82814134063605e-07
"359",2.75382533920887e-05,0.99994492445911,2.75372874979976e-05
"360",1.57468893331322e-05,0.999968506245044,1.57468656231563e-05
"361",1.90978128002226e-05,0.999961804427073,1.9097760126781e-05
"362",1.72223746627041e-09,0.999999996650789,1.62697315407995e-09
"363",5.09623871764505e-08,0.999999783618301,1.65419312137124e-07
"364",0.000296358671552548,0.9992185296329,0.000485111695547641
"365",0.0237953021328603,0.411183943224806,0.565020754642333
"366",0.000405052097500189,0.999545164815931,4.97830865687595e-05
"367",0.130684485509044,0.86909040749888,0.000225106992075962
"368",0.998374197308884,0.00152049388886769,0.000105308802248738
"369",0.132407988624296,0.86742239184714,0.00016961952856417
"370",0.0708366433845354,0.928747824033092,0.000415532582372823
"371",0.758024088284232,0.239513518311564,0.0024623934042044
"372",0.999899081326433,9.34285954947824e-05,7.49007807211454e-06
"373",3.31128289388074e-05,0.999960839899503,6.04727155845697e-06
"374",8.84187100257633e-06,0.999982348884012,8.80924498579406e-06
"375",2.03210615642651e-06,0.999993384251923,4.58364192103396e-06
"376",7.06163632415401e-05,0.999067104758649,0.000862278878109408
"377",4.72616286836439e-06,0.999966368859818,2.89049773135822e-05
"378",5.32622423656121e-05,0.999890881871514,5.58558861205107e-05
"379",1.22554119303453e-05,0.999973206282372,1.45383056980326e-05
"380",6.42051141665303e-06,0.999987153227208,6.4262613756467e-06
"381",3.31234630612862e-05,0.999933602484198,3.32740527408815e-05
"382",5.14147115296539e-06,0.999991311086301,3.54744254644807e-06
"383",3.35085809670306e-05,0.999933021958598,3.3469460434667e-05
"384",1.14712452332729e-05,0.99997705843107,1.14703236963139e-05
"385",6.82148011549144e-05,0.999924574706909,7.21049193602282e-06
"386",0.000524977087489248,0.999452032797763,2.29901147482347e-05
"387",5.99785900404172e-06,0.999988831280691,5.17086030473613e-06
"388",0.0104654262938289,0.989182160714259,0.000352412991911751
"389",0.982921268398315,0.0165257608151433,0.000552970786541915
"390",3.61277244699506e-06,0.999995370981068,1.01624648440376e-06
"391",2.30005118638497e-07,0.99999813249474,1.63750014103876e-06
"392",0.00264773382391294,0.957043626398346,0.0403086397777414
"393",5.21400283366712e-09,0.99999998700295,7.78304719057412e-09
"394",2.63783295599571e-08,0.999999947220186,2.64014848336321e-08
"395",1.77773373337176e-05,0.999964445323723,1.77773389429776e-05
"396",0.000104758508116208,0.999790482983575,0.000104758508308892
"397",0.000101718943553728,0.999796562112773,0.000101718943673134
"398",3.32855712898266e-08,0.99999993342794,3.32864883224709e-08
"399",4.04017353117706e-07,0.999999191813566,4.0416908065007e-07
"400",2.48825313560008e-06,0.999995023469642,2.48827722269309e-06
"401",6.36102312990263e-05,0.999872779536795,6.36102319060396e-05
"402",5.19450931132954e-06,0.999989610980704,5.1945099844051e-06
"403",4.29787948189407e-05,0.999914042410208,4.29787949731613e-05
"404",5.35406975020045e-05,0.999892918604935,5.35406975626919e-05
"405",1.16193959033228e-06,0.999997660227966,1.17783244399568e-06
"406",7.08010600465937e-06,0.999985838311679,7.08158231652502e-06
"407",3.5326755076924e-05,0.99992934646622,3.53267787030888e-05
"408",6.67305779751915e-06,0.999986653855763,6.67308643939845e-06
"409",1.27709373284159e-05,0.999974458125077,1.27709375942996e-05
"410",1.88254626338747e-05,0.999962349068282,1.8825469084052e-05
"411",1.1603213117989e-05,0.999971397335608,1.69994512742441e-05
"412",5.14435911716125e-06,0.999989670116961,5.18552392198205e-06
"413",6.84966827559718e-06,0.999986296741981,6.85358974292823e-06
"414",4.05512385849531e-06,0.999991889453139,4.05542300235965e-06
"415",1.51689979166106e-05,0.999712447055905,0.000272383946177962
"416",0.000376673710135277,0.982021619716906,0.0176017065729586
"417",3.18411233596869e-06,0.999988414502255,8.40138540902252e-06
"418",3.15786311398798e-06,0.999993474237677,3.36789920878715e-06
"419",8.155234566861e-07,0.999998368950563,8.15525980141217e-07
"420",7.74197301052795e-06,0.99998451605392,7.7419730697894e-06
"421",2.43820193435562e-05,0.999951235961308,2.43820193488482e-05
"422",2.59291904867152e-05,0.999948141619026,2.59291904869783e-05
"423",1.07811967183299e-05,0.999978437606563,1.07811967183341e-05
"424",5.89116530593131e-06,0.999988217669388,5.89116530644663e-06
"425",2.42736553780873e-05,0.999951452689244,2.42736553781707e-05
"426",2.13480393006603e-06,0.99999573039214,2.1348039300695e-06
"427",1.86269757283877e-06,0.999996274604854,1.86269757283945e-06
"428",6.49867960381453e-06,0.999987002640792,6.49867960381455e-06
"429",5.04600313088587e-07,0.999998990799374,5.04600313088588e-07
"430",3.48523597635182e-05,0.999930295169479,3.48524707570987e-05
"431",0.418565266689053,0.162869466525945,0.418565266785002
"432",6.00334844618289e-07,0.999998799187137,6.00478018755674e-07
"433",2.91078009075174e-07,0.999999417843781,2.91078210266752e-07
"434",4.74137081349285e-07,0.999999051725835,4.74137083698061e-07
"435",1.86467823988397e-05,0.999962706435202,1.86467823990436e-05
"436",1.93065433598681e-05,0.99996138691328,1.93065433598706e-05
"437",2.4852309508953e-05,0.999950295380982,2.48523095089571e-05
"438",2.73228718650336e-06,0.999994535425627,2.73228718680031e-06
"439",3.7215077456119e-07,0.999999255698451,3.72150774561212e-07
"440",2.78545753794624e-06,0.999994429084924,2.7854575379563e-06
"441",3.2269998374971e-05,0.99993546000325,3.22699983749724e-05
"442",3.4115443450794e-05,0.999931769113098,3.4115443450795e-05
"443",7.23661335407621e-07,0.999998552677314,7.23661350296448e-07
"444",7.05124615791078e-05,0.99985897507684,7.05124615809178e-05
"445",7.70489323371774e-07,0.999998459021353,7.70489323502827e-07
"446",4.84234508322852e-05,0.999903153098335,4.84234508322953e-05
"447",4.50198929292334e-07,0.999999099602142,4.50198929297856e-07
"448",4.19029980659661e-05,0.999916194003868,4.19029980659666e-05
"449",5.11064115334251e-07,0.999998977871769,5.11064115334326e-07
"450",2.32522247329536e-05,0.999953495550534,2.32522247329536e-05
"451",9.03958106352814e-07,0.999998192083787,9.03958106352815e-07
"452",2.05790564727062e-05,0.999958841887055,2.05790564727062e-05
"453",1.32139864934933e-05,0.999973572027013,1.32139864934933e-05
"454",2.59113194407883e-07,0.999999479580088,2.61306717640681e-07
"455",8.7525062186191e-06,0.999977066320436,1.41811733449749e-05
"456",4.37929867641019e-05,0.999911703497202,4.45035160337261e-05
"457",1.23271735317187e-05,0.999778528996101,0.000209143830367342
"458",1.81147931975649e-05,0.99993841642711,4.34687796920739e-05
"459",0.000391875923851631,0.989886998691066,0.00972112538508206
"460",1.79845025520534e-07,0.999999635861504,1.84293470751201e-07
"461",1.3500209654345e-07,0.999999729984009,1.35013894863991e-07
"462",7.90721682596863e-07,0.999998418555356,7.90722961700721e-07
"463",1.04374910289083e-05,0.999979125017879,1.04374910923183e-05
"464",3.95413611382556e-05,0.999920917277714,3.95413611479219e-05
"465",2.19380438974879e-05,0.999956123912204,2.19380438981949e-05
"466",3.31238900393002e-05,0.999933752219817,3.31238901436085e-05
"467",1.86671708916991e-05,0.999962665658215,1.86671708929107e-05
"468",1.21140450168479e-05,0.999975771909966,1.21140450174565e-05
"469",2.17415436684666e-06,0.9999956517196,2.17412603314483e-06
"470",9.26904138197918e-07,0.999998146468188,9.26627673653198e-07
"471",0.00104897371066347,0.997902052652788,0.00104897363654834
"472",1.09573466049264e-06,0.99999781067777,1.09358756952529e-06
"473",5.76786835580017e-07,0.999998916304403,5.06908761768846e-07
"474",2.86523968244603e-05,0.999958649405891,1.26981972844835e-05
"475",0.00069083075762241,0.999282156856023,2.70123863541664e-05
"476",0.00891996032838723,0.990876457516427,0.000203582155185652
"477",6.5543646569829e-07,0.99999874804944,5.96514094202716e-07
"478",3.90604374495224e-07,0.999999465088409,1.4430721656665e-07
"479",0.00011556190915287,0.999877097466626,7.34062422089547e-06
"480",0.00314619538069763,0.996770109806931,8.36948123714104e-05
"481",0.995613090781181,0.00427336140712972,0.000113547811689346
"482",0.000327033311874129,0.999655303521612,1.76631665142343e-05
"483",1.07987655623472e-06,0.999997843116067,1.07700737647635e-06
"484",1.32135235384973e-05,0.999973573121884,1.32133545774322e-05
"485",5.07594409351194e-07,0.999998984837364,5.07568226459983e-07
"486",7.25184576126231e-06,0.999985496310517,7.25184372155945e-06
"487",7.63604471727491e-07,0.999998472791487,7.63604040772525e-07
"488",3.65233692191367e-06,0.999992695326163,3.65233691468968e-06
"489",1.11475632410978e-07,0.999999777048736,1.11475631604436e-07
"490",1.69475454875973e-06,0.999996610490902,1.69475454872748e-06
"491",2.33871064957632e-08,0.999999953225787,2.33871064918721e-08
"492",7.20091418982962e-07,0.999998559817162,7.20091418982427e-07
"493",1.0912906171927e-06,0.999997817418766,1.09129061719245e-06
"494",2.04069595999624e-06,0.999994479849897,3.47945414332615e-06
"495",1.22250808837931e-05,0.999975546446493,1.22284726231094e-05
"496",1.4081203317871e-06,0.999985902457386,1.26894222827149e-05
"497",0.00147257906210369,0.962974214182261,0.0355532067556352
"498",1.84319317685402e-07,0.99999944236194,3.73318741911348e-07
"499",1.25098441743527e-06,0.999997494712957,1.254302626025e-06
"500",7.94419460078239e-06,0.999984111410273,7.94439512651066e-06
"501",2.56631340400078e-05,0.999948673714593,2.56631513672797e-05
"502",9.36262201472067e-06,0.999981274754872,9.36262311283949e-06
"503",1.65391285649874e-06,0.999996692141143,1.65394600035856e-06
"504",1.74343409289096e-05,0.999965131311415,1.74343476560335e-05
"505",1.31791542273796e-05,0.999973641688599,1.31791571733031e-05
"506",0.000420374129088321,0.999159251740021,0.000420374130890397
"507",6.46982127557838e-06,0.999987060357423,6.46982130119187e-06
"508",1.2049052318609e-06,0.999997584080426,1.21101434238141e-06
"509",2.63573062332524e-06,0.999994728482323,2.63578705360017e-06
"510",1.82824561325573e-05,0.999963435079304,1.82824645636063e-05
"511",1.95227398849724e-05,0.999960954513362,1.95227467527205e-05
"512",1.16851638758331e-06,0.999997662888076,1.16859553617633e-06
"513",7.4114668807251e-07,0.99999851770625,7.41147061809104e-07
"514",4.171979906528e-06,0.999991656040015,4.171980078128e-06
"515",1.29408556393167e-05,0.999974118288699,1.29408556614318e-05
"516",1.6791373077115e-07,0.999999662558619,1.69527650111347e-07
"517",1.53488203179553e-05,0.999969302151132,1.53490285495659e-05
"518",1.48074844475176e-08,0.999999937495968,4.76965470435761e-08
"519",1.04343878243206e-05,0.999778940647911,0.000210624964264784
"520",0.000315408158928671,0.987629552415906,0.012055039425165
"521",5.02720264395388e-06,0.99998826909004,6.70370731564141e-06
"522",2.28570793709411e-08,0.999999952998721,2.41441998775894e-08
"523",9.40874555433072e-06,0.999981182494003,9.40876044222634e-06
"524",2.16206289832887e-07,0.999999567270556,2.16523154451058e-07
"525",1.25744454122892e-05,0.999974851100571,1.25744540164804e-05
"526",2.09671614770742e-06,0.9999958065632,2.09672065206112e-06
"527",4.03321200065869e-06,0.999991933575269,4.03321273072102e-06
"528",6.51196751763821e-08,0.999999870262328,6.46179968955596e-08
"529",4.77617805378222e-05,0.99990447646475,4.77617547118109e-05
"530",6.52185810526875e-05,0.999869562841572,6.52185773753395e-05
"531",2.72145150100598e-08,0.999999959266016,1.3519468883553e-08
"532",1.22726794173445e-05,0.99998762788484,9.94357425290066e-08
"533",4.59003986541203e-06,0.999991917115926,3.49284420860509e-06
"534",4.63770746080887e-06,0.999993668544449,1.69374809042547e-06
"535",0.00165961952509152,0.996682522108734,0.00165785836617492
"536",3.95339653759672e-05,0.999956224159113,4.24187551144391e-06
"537",0.0296506447439849,0.968872359497929,0.00147699575808603
"538",2.83641359331984e-07,0.999999510286666,2.0607197502214e-07
"539",6.98756797493469e-06,0.999986032649897,6.9797821283436e-06
"540",3.47198797775376e-05,0.999930560582598,3.47195376246679e-05
"541",3.20155158841415e-05,0.999935969221352,3.20152627638627e-05
"542",8.46330829789327e-07,0.999998293133996,8.6053517430547e-07
"543",1.13971453042618e-06,0.999996638879313,2.22140615710573e-06
"544",3.02920897464501e-05,0.999939386564547,3.03213457068362e-05
"545",2.88338297306065e-06,0.999961986935228,3.51296817987095e-05
"546",2.46268870138567e-05,0.999945563923947,2.98091890388783e-05
"547",0.000254459239733547,0.994140321282057,0.00560521947820897
"548",2.31399067442003e-05,0.999799135361738,0.000177724731517371
"549",0.000491909242308781,0.999507509662575,5.81095116257928e-07
"550",0.001671069288497,0.998306245614048,2.26850974552562e-05
"551",7.19926319226557e-05,0.999276194990482,0.00065181237759476
"552",0.000787927114024533,0.97697644536601,0.0222356275199653
"553",1.40577743256876e-05,0.999545750552969,0.000440191672704999
"554",0.000417329702786148,0.966095193699249,0.0334874765979646
"555",4.19798157803784e-06,0.999977625149914,1.81768685083514e-05
"556",7.03861461080748e-06,0.999984824477766,8.13690762351614e-06
"557",0.032122277014199,0.967831847788286,4.58751975148652e-05
"558",0.0265983962051588,0.973391560461214,1.00433336273245e-05
"559",0.028131661352052,0.971703649045126,0.000164689602822405
"560",0.00321718865354105,0.996665316107225,0.000117495239234324
"561",0.023229691149942,0.976676590526726,9.37183233322015e-05
"562",0.0573894670444065,0.941692675746785,0.000917857208809008
"563",0.966194087215321,0.033577403035196,0.000228509749483518
"564",0.997329221149627,0.00253648681604231,0.000134292034330523
"565",0.999103270137974,0.00089131921647702,5.4106455494618e-06
"566",0.999690082046181,0.000282735730537762,2.71822232808949e-05
"567",0.999254981073111,0.000735683811996724,9.33511489274023e-06
"568",0.984049077240167,0.015330761393735,0.000620161366097722
"569",0.999830006673221,9.63446801331462e-05,7.36486466463151e-05
"570",0.999798494445004,1.62776052762362e-05,0.000185227949720077
"571",0.999985772558726,5.73585542767008e-06,8.49158584647838e-06
"572",0.987309852255853,0.000288090699424659,0.0124020570447222
"573",0.996192427745246,0.00191432610946375,0.00189324614529011
"574",0.999714156995584,0.000143674819889293,0.00014216818452657
"575",0.372193091973712,0.313913684813467,0.313893223212821
"576",0.00676144165695665,0.99319278887353,4.57694695137949e-05
"577",0.929326297732943,0.0701866236653995,0.000487078601657562
"578",0.999370956599352,0.000560056919354028,6.89864812941133e-05
"579",0.998379588898119,0.00159572365542157,2.46874464595532e-05
"580",0.999679013240611,0.000238964505072647,8.20222543166514e-05
"581",0.999988679773659,1.08323205469081e-05,4.87905794035593e-07
"582",0.999992049697869,4.30372381501607e-06,3.6465783158519e-06
"583",0.999925417790874,3.73494584487303e-05,3.72327506773171e-05
"584",0.999923103144501,3.84612332932821e-05,3.84356222057045e-05
"585",0.999997522388749,1.43051054462197e-06,1.04710070644815e-06
"586",0.999958384351446,2.08095196692491e-05,2.08061288852358e-05
"587",0.999992698034985,3.69972451735537e-06,3.60224049802773e-06
"588",0.999926769464158,3.66230944969208e-05,3.66074413449138e-05
"589",0.000204125709670611,0.9997941658606,1.70842972982947e-06
"590",2.96550491612325e-05,0.999959887640999,1.04573098395685e-05
"591",4.16375067751618e-05,0.999917436481676,4.09260115486575e-05
"592",4.38477139061189e-05,0.999913157876119,4.2994409974824e-05
"593",0.000400869701390839,0.999596367304519,2.76299409027793e-06
"594",0.0320355549211176,0.966827970110722,0.00113647496815992
"595",0.996509082858094,0.00336651598603453,0.000124401155871706
"596",0.0120262277484736,0.98673178655596,0.00124198569556618
"597",0.000456858730665173,0.999538949428947,4.19184038801776e-06
"598",1.65089282724342e-05,0.999971791645771,1.16994259569685e-05
"599",3.34786194419144e-05,0.999935861790071,3.06595904871111e-05
"600",1.69651575599572e-06,0.999996678018007,1.62546623711934e-06
"601",2.36430457198979e-06,0.999995276645091,2.35905033687156e-06
"602",0.00986825051266235,0.99002824629163,0.000103503195707655
"603",0.993138844601306,0.00659410320700431,0.000267052191690165
"604",0.008098475365111,0.991857934831331,4.3589803558301e-05
"605",0.000161998450163351,0.999819487703992,1.85138458450823e-05
"606",0.0382403322586395,0.961194467763799,0.000565199977561511
"607",4.94196190286833e-08,0.999999901336877,4.92435040443444e-08
"608",6.43256493012718e-06,0.999987134897542,6.43253752815737e-06
"609",4.22334497338461e-05,0.999915533100753,4.22334495127673e-05
"610",4.95768665898533e-06,0.999990084627229,4.95768611210401e-06
"611",1.4148909570861e-05,0.999971702180864,1.41489095650124e-05
"612",9.24167737389203e-06,0.999981516645252,9.24167737378604e-06
"613",1.1145765007885e-05,0.999977708469984,1.11457650076869e-05
"614",2.27651928227591e-07,0.999999544696145,2.27651926730825e-07
"615",4.13455309945556e-06,0.999991730893801,4.13455309919583e-06
"616",3.32114733648277e-05,0.99993357705327,3.32114733647765e-05
"617",3.1813975929436e-06,0.999993637204814,3.18139759266695e-06
"618",3.09409368259021e-05,0.999938118126348,3.09409368258355e-05
"619",1.82882846239628e-07,0.999999645343989,1.71773165119453e-07
"620",2.37775634244134e-05,0.999952445527319,2.37769092566251e-05
"621",1.77060483943998e-05,0.9999645879061,1.7706045505673e-05
"622",2.35274080065946e-05,0.999952945221299,2.35273706941826e-05
"623",1.42127085001672e-05,0.999971574584292,1.42127072081227e-05
"624",8.41771897099572e-06,0.999983164562091,8.41771893802312e-06
"625",1.01949237547985e-06,0.999998839541146,1.40966478898158e-07
"626",0.00262800248727684,0.997216671091336,0.000155326421387228
"627",0.992321579034884,0.00725189271367346,0.000426528251442224
"628",6.4127138318909e-05,0.99992882296388,7.04989780069363e-06
"629",1.4861538423668e-05,0.999973249815065,1.18886465116639e-05
"630",2.31082506378224e-05,0.99995410622329,2.27855260723139e-05
"631",1.63976057091871e-05,0.999969921196613,1.36811976778872e-05
"632",1.24454519178244e-05,0.999975140171767,1.24143763153242e-05
"633",1.82820315985209e-05,0.999963511323585,1.82066448162825e-05
"634",1.03426315727173e-08,0.999999982420729,7.2366394970126e-09
"635",5.34723216275357e-07,0.999998931109414,5.34167369785997e-07
"636",0.00193565885588908,0.996128682596875,0.00193565854723631
"637",5.39570865793649e-07,0.999998924018508,5.3641062635019e-07
"638",1.65086561440849e-05,0.999966982897541,1.65084463150499e-05
"639",5.06067449449627e-05,0.999898786518931,5.06067361242042e-05
"640",1.7796486624265e-05,0.999964407030402,1.77964829739481e-05
"641",1.09563760174991e-05,0.999978087248165,1.09563758177502e-05
"642",2.65399125828012e-06,0.999995962065853,1.3839428889078e-06
"643",5.13195329789964e-05,0.999897415535033,5.12649319881883e-05
"644",8.22920899058103e-06,0.99999097823674,7.92554269487042e-07
"645",4.90293131144589e-05,0.999902334368524,4.86363183611759e-05
"646",0.000405175437639669,0.999577482094279,1.73424680808856e-05
"647",0.00116979254193343,0.997923998201643,0.000906209256423381
"648",0.0197616469576367,0.979908969260617,0.000329383781746192
"649",0.000768905656274024,0.999185779933619,4.53144101074274e-05
"650",0.929523939222567,0.0693790929765143,0.00109696780091838
"651",1.66552112014385e-08,0.999999966709907,1.66348817759414e-08
"652",2.7683558707983e-07,0.999999452716748,2.70447665478166e-07
"653",2.4008065715082e-05,0.999951985465686,2.40064685987781e-05
"654",2.5907415305839e-05,0.999948185182336,2.59074023586071e-05
"655",3.23403219766069e-05,0.999935319374417,3.23403036063271e-05
"656",9.91298164502985e-07,0.999998454294109,5.54407726397333e-07
"657",1.4143791336713e-05,0.999971787160412,1.40690482509123e-05
"658",3.48779529211064e-05,0.999930245357086,3.48766899929724e-05
"659",7.09539576250932e-06,0.999985809555692,7.09504854500191e-06
"660",5.01377866013504e-06,0.999989972496459,5.01372488061446e-06
"661",0.000138559548859745,0.999846813241523,1.46272096171479e-05
"662",0.0402385569732088,0.958697447175132,0.00106399585165931
"663",3.29984131386049e-05,0.999949665123168,1.7336463693186e-05
"664",2.85962477996203e-05,0.999943470111907,2.7933640293209e-05
"665",0.000716359613191378,0.998578036201579,0.000705604185229216
"666",9.40914988829641e-09,0.999999981181896,9.40895431887609e-09
"667",3.00564331865357e-07,0.999999398912706,3.00522962224332e-07
"668",9.55884198473397e-05,0.999808823163347,9.55884168055319e-05
"669",0.000470282281747035,0.999059435437098,0.000470282281155495
"670",1.19628706281587e-07,0.99999976418533,1.16185963591059e-07
"671",9.01716444384461e-06,0.99998196589183,9.01694372608026e-06
"672",5.1285610954169e-05,0.999897428803808,5.12855852377675e-05
"673",4.3705606139615e-05,0.999912588795089,4.37055987715293e-05
"674",1.95657629717062e-07,0.999999717045461,8.72969092686155e-08
"675",1.64654562329407e-05,0.999967084412792,1.6450130974574e-05
"676",5.18106822704575e-05,0.999896380164863,5.1809152866706e-05
"677",1.81623693279776e-05,0.999979714350386,2.12328028556273e-06
"678",1.79848153531598e-05,0.999964360247418,1.76549372291594e-05
"679",1.69439011816328e-05,0.999966145510432,1.69105883862277e-05
"680",0.00150153941199052,0.99839467671281,0.000103783875199568
"681",0.827095784415079,0.163528630352305,0.00937558523261616
"682",0.000407825758354788,0.999532879713881,5.92945277644444e-05
"683",0.000687542896294378,0.99892062025114,0.000391836852565574
"684",0.00529507933703626,0.989700728009658,0.00500419265330595
"685",0.129284312086284,0.741718398791691,0.128997289122025
"686",1.25672566901953e-07,0.999999748654557,1.25672875684779e-07
"687",2.34858055333944e-05,0.999953028388884,2.34858055830124e-05
"688",2.85189386241378e-05,0.999942962122751,2.85189386246478e-05
"689",4.69236024469254e-05,0.999906152795105,4.69236024482368e-05
"690",6.18412115680613e-07,0.999998763151605,6.18436279426571e-07
"691",0.000421311018706205,0.999157377948563,0.000421311032730472
"692",5.09804787653856e-05,0.999898039041993,5.09804792420763e-05
"693",0.0111718597815114,0.977656280423606,0.0111718597948824
"694",0.268234298031485,0.463531403924138,0.268234298044377
"695",1.18538244932434e-06,0.999997628345166,1.18627238472526e-06
"696",5.53631220645124e-05,0.999889273728673,5.53631492627797e-05
"697",4.4793658435861e-06,0.999991017442108,4.50319204855719e-06
"698",3.16247063542928e-06,0.99999367504274,3.16248662470632e-06
"699",2.02317987796443e-06,0.99999506673647,2.91008365188733e-06
"700",3.151375493137e-05,0.999936898233331,3.15880117376593e-05
"701",2.29167048553969e-06,0.999968756026312,2.89523032021331e-05
"702",0.000628122868804998,0.969132704280081,0.0302391728511136
"703",3.08813596853342e-07,0.99999812717022,1.56401618286831e-06
"704",7.2986920660076e-06,0.999985394816327,7.30649160705776e-06
"705",8.6301408322542e-08,0.999995000342899,4.91335569312791e-06
"706",1.21952458440148e-05,0.999974928342989,1.28764111671474e-05
"707",8.39886316923681e-07,0.999414418762425,0.000584741351257851
"708",0.000451773720771197,0.979501429781931,0.0200467964972977
"709",3.23833996775368e-06,0.998857158530392,0.00113960312964024
"710",9.01814738824601e-06,0.999816866196326,0.00017411565628576
"711",0.000147025371609422,0.908566354692075,0.0912866199363152
"712",0.000321405523507001,0.901812443593968,0.0978661508825255
"713",6.17054124180064e-09,0.999999987659625,6.16983353701494e-09
"714",8.64037643738006e-07,0.999998271924732,8.64037624608898e-07
"715",7.04889806272226e-05,0.999859022038746,7.04889806269845e-05
"716",2.35933125185203e-07,0.999999528133749,2.35933126163716e-07
"717",0.000142054701562641,0.999715890596874,0.000142054701562839
"718",2.1871276480326e-08,0.999999956257362,2.18713617333617e-08
"719",1.21289914058828e-06,0.999997574201692,1.21289916722444e-06
"720",8.59960900542779e-06,0.999982800781984,8.59960901010193e-06
"721",0.000106779750565857,0.999786440498868,0.000106779750566399
"722",9.80397224221113e-05,0.999803920555156,9.80397224223725e-05
"723",3.52635965044121e-07,0.999999294699334,3.52664700796936e-07
"724",0.00010013275305456,0.999799734492836,0.000100132754109174
"725",9.23767189372762e-07,0.99999815198549,9.2424732067465e-07
"726",1.79310557664976e-05,0.999964137887168,1.7931057065245e-05
"727",2.63180802910214e-07,0.99999945948874,2.77330457316974e-07
"728",1.11119710809554e-05,0.999977774890374,1.11131385453697e-05
"729",4.28658282833277e-05,0.999914268320506,4.28658512104403e-05
"730",6.29972560896145e-05,0.999874005313686,6.29974302247881e-05
"731",2.17829495042756e-07,0.999998634594042,1.1475764627969e-06
"732",1.20435361378224e-06,0.999997568532224,1.22711416254352e-06
"733",1.64078113933441e-05,0.999967169488686,1.64226999207589e-05
"734",6.01758132233979e-05,0.999879644670419,6.01795163575507e-05
"735",9.53623435824028e-06,0.999804067605089,0.000186396160552783
"736",4.7358459766843e-05,0.999901437783306,5.12037569272737e-05
"737",0.000202561320732152,0.993183978036447,0.00661346064282081
"738",0.00144236664751196,0.0492656964499451,0.949291936902543
"739",8.11374784362547e-05,0.999178208164501,0.000740654357063208
"740",1.04305412630348e-07,0.999999791406583,1.0428800387022e-07
"741",1.40177119017681e-05,0.999971964576232,1.4017711866054e-05
"742",4.24697510740463e-06,0.999991506049788,4.24697510427715e-06
"743",2.92514973656866e-08,0.999999941787521,2.89609816519761e-08
"744",7.10740655750895e-07,0.999999077304935,2.1195440920504e-07
"745",8.71015300271067e-07,0.999998245913037,8.83071662653697e-07
"746",6.07059173364423e-06,0.999987858447043,6.07096122303756e-06
"747",5.84303369350885e-05,0.999883139311349,5.84303517157841e-05
"748",1.44585137020818e-05,0.999971082929551,1.44585567474491e-05
"749",1.7202243957001e-05,0.999965595510297,1.72022457459102e-05
"750",5.52803390630115e-06,0.999988943932159,5.52803393433178e-06
"751",2.75939488118216e-06,0.999994481210237,2.75939488152229e-06
"752",1.50378555764843e-06,0.999996992428885,1.50378555775469e-06
"753",5.19231752069117e-06,0.999988487505516,6.32017696369374e-06
"754",2.8294801344018e-05,0.999943384378697,2.83208199595237e-05
"755",6.50801334293962e-06,0.999986983850644,6.50813601298723e-06
"756",1.70596250656981e-05,0.99996587994478,1.70604301540364e-05
"757",2.05483037400909e-05,0.99985954307711,0.000119908619149735
"758",3.63370264209036e-05,0.999922389947871,4.12730257078734e-05
"759",0.000182355015816798,0.994971755098634,0.00484588988554949
"760",8.68152569853897e-06,0.999831085269293,0.000160233205008377
"761",4.53568556039247e-06,0.999980377755915,1.50865585248285e-05
"762",2.83032086276436e-05,0.999969575709618,2.12108175432125e-06
"763",9.99528982637602e-06,0.999980041380193,9.96332998105866e-06
"764",0.000342694184083272,0.999641550624873,1.57551910441425e-05
"765",0.000225995454097093,0.999768562219557,5.44232634541528e-06
"766",0.0397324479309847,0.958395699497561,0.00187185257145437
"767",3.49692352703835e-06,0.999996333163123,1.69913350181733e-07
"768",5.31149286013926e-05,0.99989483168865,5.20533827484133e-05
"769",1.22614346177024e-06,0.999997547969009,1.22588752969216e-06
"770",0.00130701516746645,0.99738644714744,0.00130653768509323
"771",7.78414603563473e-06,0.999991986495835,2.29358129663925e-07
"772",0.00641089405237876,0.993401116235307,0.00018798971231372
"773",0.000102107607986078,0.999891945391016,5.94700099836726e-06
"774",4.73740226478689e-05,0.999912994956767,3.96310205847812e-05
"775",2.60228608708848e-06,0.99999475205922,2.64565469302541e-06
"776",2.69097859255858e-05,0.999946176890137,2.69133239373235e-05
"777",4.83566414381528e-06,0.999927331688736,6.78326471204974e-05
"778",0.000594448355337706,0.980501941362301,0.0189036102823616
"779",3.45700677204121e-07,0.999999152015627,5.02283696103911e-07
"780",8.33513788078615e-06,0.999983316697637,8.34816448197578e-06
"781",1.64019100066454e-07,0.999999668729182,1.67251718091167e-07
"782",5.89444962699611e-06,0.999988210728756,5.89482161733459e-06
"783",5.90562953893111e-06,0.999988188370651,5.90599981019914e-06
"784",0.887088800344126,0.0947346946185503,0.0181765050373237
"785",0.999899505599037,7.89789442079295e-05,2.15154567547265e-05
"786",0.94632849066784,0.0122697526894933,0.0414017566426665
"787",0.0358768188923394,0.000756823923840416,0.96336635718382
"788",0.00208145982502222,9.09717101891978e-05,0.997827568464789
"789",0.00155618192135405,7.50413933994152e-05,0.998368776685247
"790",0.987303862455102,0.000444688203944904,0.012251449340953
"791",0.990189597545044,7.96561649701085e-05,0.00973074628998545
"792",0.984477761607507,0.000301365444869853,0.0152208729476237
"793",0.99337982470602,0.000169086384964059,0.00645108890901573
"794",0.959280384966604,0.0173810772229385,0.0233385378104574
"795",0.999474860225318,2.84912327615158e-05,0.000496648541920577
"796",0.991073532644675,6.73706979007559e-05,0.00885909665742382
"797",0.995363869533531,0.000236875012246394,0.00439925545422233
"798",0.999866169592161,1.14529424388531e-05,0.000122377465400511
"799",0.98152413354708,0.00720025024814594,0.0112756162047739
"800",0.979289771732787,0.000395237404910207,0.020314990862303
"801",0.797009227705854,0.00476286398773852,0.198227908306407
"802",0.989107614521533,0.000576369698696556,0.0103160157797703
"803",1.39289882378657e-06,0.999997777866139,8.29235037749207e-07
"804",4.09110352460519e-07,0.999999181815588,4.09074059449555e-07
"805",1.06598463841309e-07,0.999999759348668,1.34052867945246e-07
"806",2.01029398511051e-06,0.99999597790803,2.0117979849528e-06
"807",3.10030507621812e-05,0.999937993872141,3.10030770969381e-05
"808",2.36913723125293e-06,0.999995261715449,2.36914731990975e-06
"809",3.20970345953438e-05,0.999935805929816,3.20970355890198e-05
"810",6.12485352252912e-07,0.999998779373718,6.08140930083826e-07
"811",1.29108963817227e-05,0.999974178544076,1.29105595426536e-05
"812",1.93925374268741e-07,0.999999677557849,1.28516777166702e-07
"813",2.53310433328715e-05,0.999973480850629,1.18810603783221e-06
"814",6.44648776311954e-06,0.999987695043797,5.858468439357e-06
"815",0.00073525322670613,0.999241256897373,2.34898759205616e-05
"816",6.38403251591295e-05,0.999929550416581,6.60925825971399e-06
"817",4.19704225945807e-07,0.999999161367595,4.18928178661955e-07
"818",6.38777855415328e-06,0.999987224463776,6.38775766973e-06
"819",3.8209590355496e-07,0.99999923582222,3.82081876799351e-07
"820",3.29663493975818e-06,0.999993406730271,3.29663478910064e-06
"821",3.7241473159832e-07,0.999999255170765,3.72414502976914e-07
"822",2.6838326260941e-06,0.999994632334758,2.68383261584945e-06
"823",2.697699938506e-06,0.999994604600129,2.69769993214956e-06
"824",6.89042626589746e-07,0.999992081853943,7.22910343018625e-06
"825",0.00114116979765609,0.971362256823297,0.0274965733790466
"826",1.42624831730308e-07,0.999999424330263,4.33044905085079e-07
"827",4.51597321853823e-06,0.999990967712164,4.51631461779294e-06
"828",1.96995691910776e-07,0.999999564234872,2.38769435776615e-07
"829",6.63202219475328e-08,0.999999863610696,7.00690817870406e-08
"830",2.18522883851651e-06,0.999992981037995,4.83373316615734e-06
"831",2.38092141807204e-05,0.999952307793013,2.38829928062271e-05
"832",8.92665487361044e-06,0.999856360360572,0.000134712984554385
"833",0.000544622417529745,0.979692180268876,0.0197631973135946
"834",2.35560135047882e-06,0.999993829616706,3.8147819430047e-06
"835",4.83386930007292e-06,0.999990158470702,5.00765999760155e-06
"836",2.04101584478243e-06,0.999995913244968,2.04573918774392e-06
"837",7.47638529255979e-07,0.999998509669031,7.42692439802421e-07
"838",1.31370323488807e-06,0.999997372595417,1.31370134836668e-06
"839",2.5018083158661e-07,0.999999615163551,1.34655617287798e-07
"840",5.04197832098845e-06,0.999989993540768,4.96448091130276e-06
"841",4.13831051993991e-05,0.999955613077187,3.00381761317133e-06
"842",2.01017343594044e-05,0.999961310485074,1.85877805671557e-05
"843",0.00198558041650442,0.997926761358829,8.7658224666978e-05
"844",0.000172795913905025,0.9998061977188,2.10063672949923e-05
"845",1.25058605995052e-07,0.999999750856792,1.24084601652237e-07
"846",4.39439816117645e-06,0.999995031777883,5.73823956034582e-07
"847",6.03630411812646e-05,0.999933129095702,6.50786311714232e-06
"848",7.45926180056437e-05,0.999858220647016,6.71867349786047e-05
"849",0.0183401091466312,0.980732701227855,0.000927189625513356
"850",0.000125990462816532,0.99985612020075,1.78893364330867e-05
"851",2.71011820533938e-05,0.999970267293527,2.63152441987308e-06
"852",6.86244659725963e-05,0.999865190394123,6.61851399042566e-05
"853",0.00228447310495523,0.997617965479006,9.75614160391845e-05
"854",0.987656564025663,0.0118423512986222,0.000501084675714247
"855",9.3385593971773e-05,0.9998991970532,7.41735282779123e-06
"856",3.98671230343817e-05,0.999939155799176,2.09770777891427e-05
"857",2.08446607801723e-05,0.999959866913827,1.9288425392471e-05
"858",4.19644756777008e-08,0.999999916082437,4.19530873672935e-08
"859",1.14847448238685e-06,0.999997703051282,1.14847423554565e-06
"860",8.56627290940496e-06,0.999982867454182,8.56627290842033e-06
"861",1.50515896531289e-05,0.999969896820694,1.50515896531014e-05
"862",5.14563514577394e-06,0.999989708729708,5.14563514570326e-06
"863",1.00134550174039e-05,0.999979973089965,1.00134550174005e-05
"864",1.94379114866215e-07,0.999999611241774,1.94379111302921e-07
"865",1.67283935239919e-05,0.999966543212952,1.67283935239114e-05
"866",0.000997803263369105,0.998004393473262,0.000997803263369069
"867",1.70062757657044e-06,0.999996598744847,1.70062757656923e-06
"868",2.09693305516872e-05,0.999958061338897,2.0969330551687e-05
"869",8.42307064618424e-07,0.999998315385871,8.42307064618415e-07
"870",8.74308573296331e-06,0.999982513828534,8.74308573296331e-06
"871",1.01845940578929e-05,0.999979630811884,1.01845940578929e-05
"872",4.75777577843631e-08,0.999999904844484,4.75777577457262e-08
"873",3.19222824930503e-05,0.999936155435014,3.19222824930468e-05
"874",5.49720414848442e-06,0.999989005591703,5.49720414848441e-06
"875",5.17895842471088e-05,0.999896420831506,5.17895842471086e-05
"876",1.35668879242626e-08,0.999999972866224,1.35668881631128e-08
"877",7.22826047092481e-06,0.999985543479058,7.22826047099922e-06
"878",7.51106372873134e-05,0.999849778725425,7.51106372873167e-05
"879",3.61996646006132e-05,0.999927600670799,3.61996646006145e-05
"880",7.71283888879396e-06,0.999984574322222,7.71283888879397e-06
"881",3.07198701769136e-08,0.9999999385602,3.07199300994786e-08
"882",3.81391753501492e-06,0.999992372164929,3.81391753649355e-06
"883",5.59418836533275e-05,0.999888116232693,5.59418836535073e-05
"884",4.02951257023978e-05,0.999919409748595,4.02951257028229e-05
"885",7.22486637932725e-08,0.999999855499269,7.22520668516717e-08
"886",8.69474042632874e-05,0.999826105191186,8.69474045501919e-05
"887",2.23855159857493e-08,0.999999955094694,2.25197898688108e-08
"888",6.50701226990696e-07,0.999998698592507,6.50706266451106e-07
"889",6.43374456326229e-05,0.999871325108491,6.43374458762182e-05
"890",2.43531250256184e-06,0.999995129374263,2.43531323467598e-06
"891",0.001291221082315,0.997417557834937,0.00129122108274795
"892",2.15816440893012e-06,0.99999568367116,2.15816443098172e-06
"893",4.03919547296424e-05,0.999919216090538,4.03919547324355e-05
"894",1.0976063379196e-05,0.99997804787324,1.09760633805805e-05
"895",2.23443567000589e-05,0.9999553112866,2.23443567001826e-05
"896",4.73322314867082e-08,0.999999847422284,1.05245484450341e-07
"897",1.01508056737973e-06,0.999992905406806,6.07951262657873e-06
"898",5.08673065470445e-05,0.999898109692964,5.10230004890263e-05
"899",1.22977797508216e-05,0.999828026145252,0.000159676074997564
"900",0.000382157301985236,0.993844087652796,0.0057737550452183
"901",4.29777333774287e-05,0.999909866202355,4.71560642675648e-05
"902",1.03983790554691e-06,0.999988610140571,1.03500215234829e-05
"903",0.00128919148608392,0.970969942688721,0.0277408658251955
"904",5.19419791945095e-07,0.999998373028584,1.10755162379728e-06
"905",8.76438087114007e-06,0.99998246993129,8.7656878387159e-06
"906",6.09473521078387e-07,0.999998737105613,6.53420866151019e-07
"907",9.49970724441638e-06,0.999981000465015,9.49982774037147e-06
"908",1.14408651874585e-07,0.999999770839657,1.1475169137504e-07
"909",1.47479032312822e-06,0.999997050406169,1.47480350801358e-06
"910",2.48432904219559e-05,0.999950313418843,2.48432907346443e-05
"911",2.51450524780916e-06,0.999994970988915,2.51450583742111e-06
"912",1.21961762865079e-05,0.999975607647421,1.21961762928096e-05
"913",1.6547940383245e-05,0.999966904119121,1.65479404955483e-05
"914",1.79370251602361e-07,0.999999641256689,1.79373059214736e-07
"915",6.94654289171856e-06,0.99998610691403,6.94654307843082e-06
"916",8.65392570429664e-06,0.99998269214859,8.65392570552178e-06
"917",1.98436314949084e-05,0.999960312737001,1.98436315045182e-05
"918",7.54857058762226e-07,0.999998490285717,7.54857224513219e-07
"919",4.23398699046393e-07,0.999999153202597,4.23398703970681e-07
"920",8.06304053998533e-06,0.999983873918918,8.06304054227556e-06
"921",2.30738000847727e-05,0.99995385239983,2.30738000850789e-05
"922",4.36531857903062e-08,0.99999991274688,4.35999343042495e-08
"923",3.27111904438248e-07,0.999999331359141,3.41528954876336e-07
"924",6.52041030562159e-06,0.999977873818482,1.56057712123893e-05
"925",6.11894596444167e-05,0.999875439034497,6.33715058584596e-05
"926",0.000972810550455552,0.998052948326178,0.000974241123366278
"927",0.00100275271114198,0.997993757933619,0.00100348935523848
"928",5.962597147963e-05,0.999051786723973,0.000888587304546942
"929",4.15147542584398e-06,0.999990318940981,5.5295835931132e-06
"930",0.000396122950192804,0.991304837944783,0.00829903910502458
"931",0.00588438754487125,0.143615904319674,0.850499708135454
"932",3.89116341742801e-06,0.999979067507291,1.70413292915145e-05
"933",1.0969016590943e-07,0.999999780562801,1.0974703324395e-07
"934",2.53969185613865e-07,0.999999492059571,2.53971243202337e-07
"935",9.01943012887175e-05,0.999819611397284,9.01943014271662e-05
"936",2.1892228429634e-07,0.999999562155365,2.18922350501057e-07
"937",8.45312458490969e-05,0.999830937508296,8.45312458545127e-05
"938",1.41857069155778e-07,0.99999971628586,1.41857070601144e-07
"939",6.88836309144108e-05,0.999862232738171,6.88836309146909e-05
"940",1.02228478296794e-07,0.999999795543043,1.02228478317607e-07
"941",2.10087324991552e-06,0.9999957982535,2.10087324991657e-06
"942",4.73531842021448e-05,0.999905293631596,4.73531842021448e-05
"943",3.46403025167956e-06,0.999993071939497,3.4640302516796e-06
"944",3.44226737752466e-05,0.99993115465245,3.44226737752467e-05
"945",2.29145799331681e-06,0.999995417084013,2.29145799331681e-06
"946",5.00061044712527e-07,0.999998999877911,5.00061044712527e-07
"947",9.27598491333252e-07,0.999998144803017,9.27598491333252e-07
"948",7.13437373375744e-07,0.999998573125253,7.13437373375744e-07
"949",2.47760302853647e-07,0.999999504479394,2.47760302853647e-07
"950",4.41798418362578e-07,0.999999116403163,4.41798418362578e-07
"951",1.52257897943489e-06,0.999996954842041,1.52257897943489e-06
"952",2.58886873752516e-06,0.999994822262525,2.58886873750753e-06
"953",4.74820061427271e-06,0.999990503598772,4.74820061427269e-06
"954",1.04166460139093e-06,0.999997916670798,1.04166460095174e-06
"955",0.0009634496101014,0.998073100779797,0.00096344961010125
"956",1.92992883730911e-07,0.999999614014235,1.92992881577352e-07
"957",3.36134655562008e-05,0.999932773068888,3.36134655558966e-05
"958",4.82280665551073e-07,0.999999035438912,4.82280421968455e-07
"959",1.67237067105307e-05,0.999966552586582,1.67237067076356e-05
"960",1.46650571801033e-07,0.999999706703034,1.46646394582181e-07
"961",2.45398108801351e-05,0.999950920378606,2.45398105137446e-05
"962",3.32519953605185e-07,0.999999335190455,3.32289591193185e-07
"963",1.45988430239643e-05,0.999970802317438,1.45988395384823e-05
"964",2.9197531104439e-07,0.999999426350105,2.8167458380485e-07
"965",2.011404030213e-07,0.999999685901762,1.12957834651842e-07
"966",9.88573620143546e-06,0.999980248852508,9.86541129089989e-06
"967",7.00273342686259e-05,0.99992664999539,3.32267034134822e-06
"968",0.0100042663046886,0.98971698736594,0.000278746329371699
"969",8.79252110104225e-07,0.999998688114357,4.3263353253992e-07
"970",3.83672523607504e-06,0.999992336908085,3.82636667935658e-06
"971",2.04221786961435e-07,0.99999959681254,1.98965673467435e-07
"972",2.42921674438855e-06,0.999995141878941,2.42890431406979e-06
"973",2.52357085987378e-06,0.999994953114314,2.52331482600045e-06
"974",1.67785731915089e-07,0.999999664428379,1.67785888978393e-07
"975",2.86558082281478e-06,0.999994268838337,2.86558083989229e-06
"976",6.36079462599815e-05,0.999872784107479,6.36079462613541e-05
"977",5.80450578796791e-06,0.999988390988424,5.8045057882027e-06
"978",2.42520983991102e-07,0.999999514958032,2.42520983992854e-07
"979",1.64563398195978e-05,0.999967087320361,1.6456339819598e-05
"980",3.23680262291369e-07,0.999999352639475,3.23680262291428e-07
"981",6.21022666410089e-06,0.999987579546672,6.2102266641009e-06
"982",6.08980608403054e-06,0.999987820387832,6.08980608403054e-06
"983",1.12876024175672e-05,0.999977424795165,1.12876024175673e-05
"984",0.000387841920475796,0.999224316159048,0.000387841920475796
"985",0.000234096452952327,0.999531807094095,0.000234096452952327
"986",1.09644575923306e-06,0.99999780710847,1.09644577069901e-06
"987",6.38590951068166e-08,0.99999987228181,6.38590951546521e-08
"988",4.73449647711774e-07,0.999999053100705,4.7344964771401e-07
"989",4.34286058137583e-05,0.999913142788373,4.34286058137587e-05
"990",3.38652683382459e-06,0.999993226946332,3.38652683382469e-06
"991",1.31586892048578e-05,0.99997368262159,1.31586892048578e-05
"992",1.57048725139045e-05,0.999968590254972,1.57048725139045e-05
"993",7.80189751156819e-06,0.999984396204977,7.80189751156819e-06
"994",0.000418621393311697,0.999162757213377,0.000418621393311697
"995",9.657546445637e-07,0.999998068490711,9.65754644565724e-07
"996",4.63879488564816e-05,0.999907224102287,4.63879488564818e-05
"997",5.8133425080261e-07,0.999998837331498,5.81334250802627e-07
"998",2.94181241673175e-05,0.999941163751665,2.94181241673175e-05
"999",1.8412451335665e-06,0.999996317509733,1.8412451335665e-06
"1000",1.28121641446426e-05,0.999974375671711,1.28121641446426e-05
"1001",3.78319958774247e-06,0.999992433600824,3.78319958774247e-06
"1002",1.01846910494693e-05,0.999979630617901,1.01846910494693e-05
"1003",2.23694036304175e-06,0.999995526119274,2.23694036304175e-06
"1004",1.56783339505141e-08,0.999999968643332,1.56783339505141e-08
"1005",7.74705127993793e-08,0.999999845058974,7.74705127993793e-08
"1006",1.0373616848493e-06,0.99999792527663,1.0373616848493e-06
"1007",1.66503416278911e-08,0.999999966699317,1.66503416278911e-08
"1008",6.72831934041381e-07,0.999998654336132,6.72831934041382e-07
"1009",5.08059400744606e-07,0.999998983881199,5.08059400744606e-07
"1010",1.76901449854985e-09,0.999999996461971,1.76901449854985e-09
"1011",1.0266375166608e-06,0.999997946724967,1.0266375166608e-06
"1012",2.4278512247569e-08,0.999999951442976,2.4278512247569e-08
"1013",4.57431719085375e-09,0.999999990851366,4.57431719085375e-09
"1014",9.0212205734404e-07,0.999998195755885,9.0212205734404e-07
"1015",2.6533045422904e-08,0.999999946933909,2.6533045422904e-08
"1016",8.75467535149662e-07,0.99999824906493,8.75467535149662e-07
"1017",4.87056718948786e-08,0.999999902588656,4.87056718948785e-08
"1018",1.35339886198176e-07,0.999999729320228,1.35339886198176e-07
"1019",3.26744530982506e-07,0.999999346510938,3.26744530982506e-07
"1020",6.43607370433613e-06,0.999987127852591,6.43607370433613e-06
"1021",7.08848621102683e-07,0.999998582302758,7.08848621102683e-07
"1022",8.59176756596529e-08,0.999999850690543,6.33917811036736e-08
"1023",6.31956745847679e-05,0.999873619417343,6.31849080720934e-05
"1024",5.58608986922398e-07,0.999999379058789,6.23322241420572e-08
"1025",0.000595787096070123,0.999381059927639,2.31529762913328e-05
"1026",0.001414834562708,0.997653024597061,0.000932140840231397
"1027",0.00358791187165878,0.996293313144389,0.000118774983951957
"1028",0.317348111241095,0.680989921034825,0.00166196772407978
"1029",0.331170376035416,0.667826070779316,0.00100355318526725
"1030",7.15385821332222e-07,0.999998583921099,7.00693079642032e-07
"1031",1.92071716647894e-05,0.999961585705596,1.92071227391408e-05
"1032",1.72556396246694e-08,0.999999965542577,1.72017829455672e-08
"1033",1.42524909253786e-07,0.999999714950492,1.42524598562114e-07
"1034",8.65174855154258e-07,0.999998269493794,8.65331351138175e-07
"1035",3.23083300029273e-07,0.999999274791303,4.02125397032177e-07
"1036",1.46222087396389e-05,0.999970731885947,1.4645905313545e-05
"1037",2.7034716358279e-07,0.999998582037384,1.14761545197404e-06
"1038",2.28784494252945e-05,0.999954193205842,2.29283447330603e-05
"1039",7.70846022633712e-06,0.999862245043655,0.000130046496119051
"1040",1.46353523668261e-05,0.999967676723112,1.76879245210186e-05
"1041",0.00042746745014077,0.987902619631885,0.011669912917974
"1042",1.74299881387507e-07,0.999999651399572,1.74300546398043e-07
"1043",1.49385576775654e-06,0.999997012288424,1.49385580840739e-06
"1044",4.09931059500685e-05,0.999918013788096,4.09931059539394e-05
"1045",8.3126859500388e-06,0.999983374628098,8.31268595169856e-06
"1046",4.47888699583731e-06,0.999991042226008,4.47888699589064e-06
"1047",1.40378957965297e-06,0.999997192420841,1.40378957965378e-06
"1048",4.95385599501913e-07,0.999999009228801,4.95385599501931e-07
"1049",4.59302123543141e-07,0.999999081395753,4.59302123543141e-07
"1050",1.44958078722406e-06,0.999997100838426,1.44958078722406e-06
"1051",2.38467196245608e-06,0.999995230656014,2.38467202310527e-06
"1052",3.42423468546262e-05,0.999931515306289,3.42423468564374e-05
"1053",4.43523857826205e-06,0.999991129522842,4.43523857954287e-06
"1054",1.84155077857299e-05,0.999963168984428,1.84155077857776e-05
"1055",1.40614960457781e-06,0.999997187700791,1.40614960458689e-06
"1056",7.27347813299473e-06,0.999985453043734,7.27347813299506e-06
"1057",1.48940756724302e-07,0.999999702118487,1.48940756724329e-07
"1058",2.03922623275653e-06,0.999995921547534,2.03922623275653e-06
"1059",3.18336588464489e-06,0.999993633268231,3.18336588464489e-06
"1060",7.22641776040003e-07,0.999998554716453,7.22641771353179e-07
"1061",4.93841911033715e-06,0.99999012316178,4.93841911005637e-06
"1062",4.28901429776984e-05,0.999914219714045,4.28901429776852e-05
"1063",3.5683489591231e-05,0.999928633020818,3.56834895911987e-05
"1064",3.44118339505367e-06,0.99999311763321,3.44118339505361e-06
"1065",3.93365031171356e-06,0.999992132699377,3.93365031156827e-06
"1066",9.54905146306124e-06,0.999980901897074,9.54905146305632e-06
"1067",9.78155822968036e-07,0.999998043688354,9.78155822968005e-07
"1068",7.11177993133273e-06,0.999985776440137,7.11177993133274e-06
"1069",5.97500987840689e-06,0.999988049980243,5.97500987840689e-06
"1070",0.000159634644572284,0.999680730710855,0.000159634644572284
"1071",3.04843021446436e-06,0.999993903139571,3.04843021446339e-06
"1072",4.97251985166805e-06,0.999990054960297,4.97251985166804e-06
"1073",2.05999198430987e-07,0.999999588001603,2.05999198430979e-07
"1074",3.14628581635422e-06,0.999993707428367,3.14628581635422e-06
"1075",4.68376610358968e-06,0.999990632467793,4.68376610358968e-06
"1076",3.26951572858126e-07,0.999999346096854,3.26951572858126e-07
"1077",0.000258130522134801,0.99948373895573,0.000258130522134802
"1078",3.1788833899804e-08,0.999999936422332,3.1788833899804e-08
"1079",4.17131509422248e-06,0.999991657369812,4.17131509422247e-06
"1080",1.29678416298423e-07,0.999999740643167,1.29678416298423e-07
"1081",6.12847287347938e-08,0.999999877430543,6.12847287347938e-08
"1082",6.42725998896678e-07,0.999998714548002,6.42725998896678e-07
"1083",4.29275318450102e-07,0.999999141449363,4.29275318450102e-07
"1084",3.4546417662354e-07,0.999999309071647,3.4546417662354e-07
"1085",3.82940292418516e-07,0.999999234119415,3.82940292418516e-07
"1086",1.19213479083795e-06,0.999997615730418,1.19213479083795e-06
"1087",2.75108813814997e-07,0.999999449772583,2.75118602979702e-07
"1088",2.44765612757485e-06,0.99999510468768,2.44765619275824e-06
"1089",7.63107424058526e-06,0.999984737851515,7.63107424440946e-06
"1090",2.05689230763212e-06,0.999995886215385,2.05689230763544e-06
"1091",8.95083193967699e-06,0.99998209833612,8.95083193983914e-06
"1092",9.43357836049239e-06,0.999981132843279,9.43357836049861e-06
"1093",0.000395657088169377,0.999208685823661,0.000395657088169458
"1094",9.93994304788561e-07,0.99999801201139,9.93994305297047e-07
"1095",2.00811192653755e-05,0.999959837761469,2.00811192653906e-05
"1096",1.88496127989651e-07,0.999999623007744,1.88496127997495e-07
"1097",1.85524083493948e-05,0.999962895183301,1.85524083493952e-05
"1098",1.80702899251816e-07,0.999999638594201,1.80702899252006e-07
"1099",1.4935766614959e-05,0.99997012846677,1.4935766614959e-05
"1100",2.57114051746306e-07,0.999999485771897,2.57114051746311e-07
"1101",8.39249404676458e-06,0.999983215011906,8.39249404676458e-06
"1102",3.05830586143138e-06,0.999993883388277,3.05830586143138e-06
"1103",0.000116893562548038,0.999766212874904,0.000116893562548038
"1104",5.02780679463238e-06,0.999989944386411,5.02780679463238e-06
"1105",2.32773149328996e-06,0.999995342759388,2.32950911851136e-06
"1106",5.49529935807075e-07,0.999998881463246,5.69006817851679e-07
"1107",8.68423862215177e-06,0.999956632141947,3.46836194308986e-05
"1108",9.39618678727094e-06,0.999980909600818,9.69421239451525e-06
"1109",1.69616037719607e-05,0.999603371939179,0.000379666457049319
"1110",0.000248249950788798,0.990832708568314,0.00891904148089676
"1111",8.07678972095708e-07,0.999998383595347,8.08725680656099e-07
"1112",3.3869675941594e-05,0.99993226062758,3.3869696478086e-05
"1113",8.91146040721589e-08,0.999999821719886,8.91655099801796e-08
"1114",5.14647131960541e-07,0.999998970705238,5.14647629650211e-07
"1115",1.06234516144267e-05,0.999978753096656,1.06234517296723e-05
"1116",8.99228463317876e-06,0.999982015430733,8.99228463399807e-06
"1117",1.43688897144462e-06,0.999997126222049,1.43688897970022e-06
"1118",1.50165275680513e-05,0.999969966944863,1.50165275688633e-05
"1119",2.07125597863099e-06,0.999995857488043,2.07125597874694e-06
"1120",4.2501642468862e-06,0.999991499671506,4.25016424690987e-06
"1121",2.35158631015835e-08,0.999999950024054,2.64600827265759e-08
"1122",8.77944549795424e-07,0.999995586919868,3.53513558239606e-06
"1123",2.43103783426732e-05,0.99995098085201,2.47087696469244e-05
"1124",2.99208308807175e-05,0.999458194785199,0.000511884383919716
"1125",0.000445506666356003,0.985815348447589,0.0137391448860547
"1126",2.273213051242e-08,0.999999954520885,2.27469845629641e-08
"1127",2.69391111765503e-06,0.999994612177462,2.6939114205141e-06
"1128",6.38507288578754e-07,0.999998722985416,6.38507295891317e-07
"1129",1.01132248928544e-05,0.999979773550213,1.01132248937933e-05
"1130",0.000291115834163076,0.999417768331674,0.000291115834163435
"1131",1.70163557071984e-06,0.999996596728858,1.70163557079723e-06
"1132",2.93604884499957e-06,0.99999412790231,2.93604884501203e-06
"1133",1.5085709414477e-08,0.999999969828324,1.50859669712652e-08
"1134",2.95083300824946e-05,0.999940983339812,2.950833010539e-05
"1135",5.72928069429517e-09,0.999999988541437,5.7292827093571e-09
"1136",1.16888085152912e-06,0.999997662238297,1.16888085174709e-06
"1137",2.40952655980652e-05,0.999951809468804,2.40952655980803e-05
"1138",2.40848935287017e-05,0.999951830212943,2.40848935287159e-05
"1139",2.62161014371911e-09,0.99999999475678,2.62161014515642e-09
"1140",1.01815410202979e-07,0.99999979636918,1.01815410203033e-07
"1141",6.35772781698436e-07,0.999998728454437,6.35772781698436e-07
"1142",1.52899152712337e-05,0.999969420169457,1.52899152712337e-05
"1143",2.30078234902881e-07,0.99999953984353,2.30078234902881e-07
"1144",9.06577294102526e-06,0.999981868454118,9.06577294102526e-06
"1145",8.39852610785028e-07,0.999998320294778,8.39852610785028e-07
"1146",5.95586980664178e-06,0.999988088260387,5.95586980664178e-06
"1147",7.7185030483157e-06,0.999984562993903,7.7185030483157e-06
"1148",7.18510502004981e-07,0.999998562978996,7.18510502004982e-07
"1149",5.80285995971852e-06,0.999988394280081,5.80285995971852e-06
"1150",1.28624299108951e-08,0.99999997427514,1.28624299108951e-08
"1151",1.18190730498678e-07,0.999999763618539,1.18190730498678e-07
"1152",6.02457455980145e-06,0.99998795085088,6.02457455980145e-06
"1153",8.0467461252793e-06,0.999983906507749,8.0467461252793e-06
"1154",1.08374845065632e-06,0.999997832503099,1.08374845065632e-06
"1155",4.96665801713563e-06,0.999990066683966,4.96665801713562e-06
"1156",0.000373647800335689,0.999252704399329,0.000373647800335689
"1157",8.87667479542602e-09,0.99999998224665,8.87667479544529e-09
"1158",2.80462647794455e-06,0.999994390747044,2.80462647794455e-06
"1159",1.83167876145941e-05,0.999963366424771,1.83167876145941e-05
"1160",1.28082406628232e-05,0.999974383518674,1.28082406628232e-05
"1161",3.17128024889638e-08,0.999999936574395,3.1712802488964e-08
"1162",7.39901593701672e-08,0.999999852019681,7.39901593701672e-08
"1163",1.65548982097964e-05,0.99996689020358,1.65548982097964e-05
"1164",5.84421054650464e-08,0.999999883115789,5.84421054650464e-08
"1165",1.75422201337678e-05,0.999964915559732,1.75422201337678e-05
"1166",2.52288194849508e-07,0.99999949542361,2.52288194849508e-07
"1167",2.93067650713027e-07,0.999999413864698,2.93067650713027e-07
"1168",1.22231374181447e-05,0.999975553725164,1.22231374181447e-05
"1169",2.93113806435578e-07,0.999999413772387,2.93113806435578e-07
"1170",7.4485744194269e-06,0.999985102851161,7.4485744194269e-06
"1171",6.6185104221978e-08,0.999999867629792,6.6185104221978e-08
"1172",7.17461879771583e-06,0.999985650762405,7.17461879771583e-06
"1173",1.38013510549165e-08,0.999999972397298,1.38013510549165e-08
"1174",2.04094476757222e-07,0.999999591811046,2.04094476757222e-07
"1175",4.97231624801847e-06,0.999990055367504,4.97231624801847e-06
"1176",4.58797967082146e-06,0.999990824040658,4.58797967082145e-06
"1177",3.41780714493643e-07,0.999999316438571,3.41780714493643e-07
"1178",1.39086055231877e-07,0.99999972182789,1.39086055231877e-07
"1179",3.21739783276692e-06,0.999993565204334,3.21739783276692e-06
"1180",1.85445315392142e-06,0.999996291093692,1.85445315392142e-06
"1181",4.05684588115189e-07,0.999999188630824,4.05684588115189e-07
"1182",1.27239839975701e-05,0.999974552032005,1.27239839975701e-05
"1183",2.83239291885407e-08,0.999999943352142,2.83239291885407e-08
"1184",2.03092896250279e-06,0.999995938142075,2.03092896250279e-06
"1185",2.29406178424968e-06,0.999995411876431,2.29406178424968e-06
"1186",6.49345411762992e-06,0.999987013091765,6.49345411762992e-06
"1187",2.88238660976302e-08,0.999999942352268,2.88238660976302e-08
"1188",8.7948223500999e-06,0.9999824103553,8.7948223500999e-06
"1189",9.97602375269276e-08,0.999999800479525,9.97602375269277e-08
"1190",6.72986955232151e-06,0.999986540260895,6.72986955232151e-06
"1191",4.31769654148902e-08,0.999999913646069,4.31769654148902e-08
"1192",2.41419135669182e-07,0.999999517161729,2.41419135669183e-07
"1193",4.96338948119738e-06,0.999990073221038,4.96338948119738e-06
"1194",4.16228586674409e-06,0.999991675428267,4.16228586674409e-06
"1195",5.4477242818074e-08,0.999999891045514,5.4477242818074e-08
"1196",2.03826922576384e-06,0.999995923461549,2.03826922576384e-06
"1197",2.3038599270047e-07,0.999999539228015,2.3038599270047e-07
"1198",2.9337813165369e-06,0.999994132437367,2.9337813165369e-06
"1199",8.45268965699902e-07,0.999998309462069,8.45268965699903e-07
"1200",9.34967135553916e-07,0.999998130065729,9.34967135553916e-07
