"","(1,R1)","(2,R1)"
"1",0.00767460788398303,0.992325392116017
"2",0.00255353737210416,0.997446462627896
"3",0.0096604738950436,0.990339526104956
"4",0.000968500690729083,0.999031499309271
"5",0.000651390660074887,0.999348609339925
"6",0.00245519639980551,0.997544803600194
"7",0.000147789931780693,0.999852210068219
"8",0.000519095522477344,0.999480904477523
"9",0.00180957628399798,0.998190423716002
"10",0.0032374028148599,0.99676259718514
"11",9.59699702320714e-07,0.999999040300298
"12",1.90572004539808e-07,0.999999809427995
"13",2.00780655592289e-07,0.999999799219344
"14",2.62660364117316e-06,0.999997373396359
"15",9.6899436337454e-05,0.999903100563662
"16",0.000119201165230056,0.99988079883477
"17",6.80145440602684e-05,0.99993198545594
"18",9.30967434404536e-05,0.99990690325656
"19",0.000412066796117916,0.999587933203882
"20",0.00401401255850575,0.995985987441494
"21",0.00108119003809612,0.998918809961904
"22",0.00224109747828137,0.997758902521719
"23",0.00280461861131224,0.997195381388688
"24",0.0185126744149386,0.981487325585061
"25",0.0252870045880796,0.97471299541192
"26",0.0411128215911295,0.95888717840887
"27",1.3299736925916e-06,0.999998670026307
"28",1.30939076094537e-05,0.99998690609239
"29",5.06710038422915e-05,0.999949328996158
"30",2.52698602404197e-06,0.999997473013976
"31",0.000149861338251502,0.999850138661748
"32",1.87877392818001e-06,0.999998121226072
"33",5.44155690296734e-06,0.999994558443097
"34",9.85890783057727e-05,0.999901410921694
"35",1.87516644118142e-05,0.999981248335588
"36",3.11869597666148e-05,0.999968813040233
"37",1.74957826822215e-05,0.999982504217318
"38",1.45176948537791e-06,0.999998548230515
"39",1.80262432072177e-05,0.999981973756793
"40",1.04811828823716e-06,0.999998951881712
"41",1.78956064506476e-05,0.999982104393549
"42",1.68837675355444e-05,0.999983116232464
"43",4.23521532875786e-06,0.999995764784671
"44",3.86222684799266e-05,0.99996137773152
"45",9.59160312604651e-05,0.99990408396874
"46",1.61610972017078e-05,0.999983838902798
"47",1.77242878611605e-05,0.999982275712139
"48",7.01585755108128e-05,0.999929841424489
"49",4.39462938259265e-05,0.999956053706174
"50",4.3193283170132e-05,0.99995680671683
"51",0.000320397650563222,0.999679602349437
"52",0.0132938022729917,0.986706197727008
"53",0.0471416602813702,0.95285833971863
"54",0.0365265648497696,0.96347343515023
"55",1.65914944243077e-05,0.999983408505576
"56",8.94627459511315e-06,0.999991053725405
"57",1.6612407664498e-06,0.999998338759233
"58",1.60508901220592e-05,0.999983949109878
"59",1.4168036648937e-05,0.999985831963351
"60",3.05546277183194e-06,0.999996944537228
"61",1.68419927175801e-05,0.999983158007282
"62",3.75061881579891e-06,0.999996249381184
"63",2.2245262449549e-06,0.999997775473755
"64",1.65020908231606e-06,0.999998349790918
"65",1.74172560639249e-05,0.999982582743936
"66",0.021067549615563,0.978932450384437
"67",2.26923247738916e-06,0.999997730767523
"68",5.13104238941671e-05,0.999948689576106
"69",3.95547928865535e-08,0.999999960445207
"70",1.19085012925624e-06,0.999998809149871
"71",0.000253966662549952,0.99974603333745
"72",5.48985675607153e-06,0.999994510143244
"73",9.60270794667821e-07,0.999999039729205
"74",7.08389987809415e-05,0.999929161001219
"75",0.000135004779878831,0.999864995220121
"76",1.78173407135838e-06,0.999998218265929
"77",7.71303865620024e-06,0.999992286961344
"78",0.000189530078348809,0.999810469921651
"79",0.00016796452718723,0.999832035472813
"80",3.00444805640836e-05,0.999969955519436
"81",2.74967077310144e-05,0.999972503292269
"82",7.09177296123217e-06,0.999992908227039
"83",3.21483203581946e-05,0.999967851679642
"84",3.03287426485722e-05,0.999969671257351
"85",0.00443701461237702,0.995562985387623
"86",0.00243708235710241,0.997562917642898
"87",0.000389477453092981,0.999610522546907
"88",0.000145166535751809,0.999854833464248
"89",0.0931743308504293,0.906825669149571
"90",0.000771980555544803,0.999228019444455
"91",0.894173574149378,0.105826425850622
"92",0.985355073513644,0.0146449264863556
"93",0.997327940285713,0.00267205971428695
"94",3.95070550791121e-07,0.999999604929449
"95",0.000254205795552652,0.999745794204447
"96",2.35414158754611e-08,0.999999976458584
"97",1.07100975484944e-06,0.999998928990245
"98",1.11404155591985e-05,0.999988859584441
"99",0.000130780144071566,0.999869219855928
"100",9.2138311199371e-06,0.99999078616888
"101",0.000105881035374826,0.999894118964625
"102",1.13606112242694e-05,0.999988639388776
"103",0.000916313887114775,0.999083686112885
"104",5.17767014964007e-06,0.99999482232985
"105",4.03897603955082e-05,0.999959610239604
"106",4.16786872020224e-05,0.999958321312798
"107",4.02461185233654e-06,0.999995975388148
"108",0.000170819913692472,0.999829180086308
"109",5.40549440101039e-06,0.999994594505599
"110",0.00011358952636839,0.999886410473632
"111",5.78099133703948e-06,0.999994219008663
"112",0.000112750471774478,0.999887249528225
"113",1.22904677687855e-06,0.999998770953223
"114",7.04978938796633e-05,0.99992950210612
"115",4.32374833536054e-06,0.999995676251665
"116",1.06197839068795e-05,0.999989380216093
"117",2.20605548274302e-05,0.999977939445173
"118",3.68872723411336e-05,0.999963112727659
"119",3.86355613769252e-08,0.999999961364439
"120",3.43488973833425e-06,0.999996565110262
"121",1.89045467620043e-05,0.999981095453238
"122",9.70166227396857e-05,0.99990298337726
"123",9.02929114475915e-05,0.999909707088552
"124",1.16625292275493e-06,0.999998833747077
"125",0.000144818009255348,0.999855181990745
"126",7.34614537336573e-07,0.999999265385463
"127",1.81352937418236e-05,0.999981864706258
"128",1.75202531761168e-05,0.999982479746824
"129",4.30588683139507e-05,0.999956941131686
"130",4.03628571772878e-05,0.999959637142823
"131",7.48751866630865e-06,0.999992512481334
"132",1.42569279630963e-05,0.999985743072037
"133",3.50519990838476e-06,0.999996494800092
"134",5.2559426114039e-05,0.999947440573886
"135",3.64369247208188e-05,0.999963563075279
"136",9.03658176812502e-06,0.999990963418232
"137",0.000427096056215659,0.999572903943784
"138",2.90879434441014e-08,0.999999970912057
"139",1.62496286798663e-06,0.999998375037132
"140",1.02070473605596e-05,0.999989792952639
"141",0.000119521297932652,0.999880478702067
"142",2.85532485725262e-06,0.999997144675143
"143",8.19590522343415e-05,0.999918040947766
"144",4.42471078753306e-06,0.999995575289212
"145",5.62141162557093e-05,0.999943785883744
"146",6.04975085434774e-06,0.999993950249146
"147",3.38449026358486e-05,0.999966155097364
"148",3.39243416419197e-05,0.999966075658358
"149",2.50316925310056e-06,0.999997496830747
"150",1.37379240582467e-05,0.999986262075942
"151",8.28282607724243e-05,0.999917171739228
"152",1.99641568255699e-05,0.999980035843174
"153",1.10062369497578e-05,0.99998899376305
"154",6.18656126738746e-06,0.999993813438733
"155",2.48638257309809e-05,0.999975136174269
"156",1.40760244753133e-05,0.999985923975525
"157",7.8553299980675e-06,0.999992144670002
"158",1.00572842177951e-06,0.999998994271578
"159",3.49561189315996e-05,0.999965043881068
"160",1.08266068260461e-05,0.999989173393174
"161",6.79625432911629e-05,0.999932037456709
"162",2.11566069710733e-06,0.999997884339303
"163",4.5780428898858e-06,0.99999542195711
"164",1.01193234008617e-06,0.99999898806766
"165",7.05706770429884e-06,0.999992942932296
"166",1.76781631947007e-06,0.99999823218368
"167",3.73027430696546e-05,0.99996269725693
"168",3.63641798737512e-06,0.999996363582013
"169",3.64558903833675e-06,0.999996354410962
"170",2.17804058131887e-06,0.999997821959419
"171",3.78463608935889e-06,0.999996215363911
"172",1.31611077555227e-06,0.999998683889224
"173",4.00337028359218e-06,0.999995996629716
"174",3.96565327512826e-06,0.999996034346725
"175",7.70648652808533e-06,0.999992293513472
"176",1.199526088188e-06,0.999998800473912
"177",6.0162113806732e-06,0.999993983788619
"178",1.38720154727635e-05,0.999986127984527
"179",5.58307374075094e-07,0.999999441692626
"180",2.32976093698328e-05,0.99997670239063
"181",0.000251972148249083,0.999748027851751
"182",2.82292467617883e-07,0.999999717707532
"183",5.495986615846e-07,0.999999450401338
"184",1.06096979148276e-05,0.999989390302085
"185",9.12194371410257e-07,0.999999087805629
"186",5.61350397856553e-06,0.999994386496021
"187",6.15796761963806e-06,0.99999384203238
"188",2.31810298502622e-07,0.999999768189701
"189",1.95733787663476e-06,0.999998042662123
"190",8.2619953823794e-06,0.999991738004618
"191",1.338731899866e-06,0.9999986612681
"192",6.47828344889215e-06,0.999993521716551
"193",7.53488629728191e-06,0.999992465113703
"194",5.12641571510254e-07,0.999999487358428
"195",2.10541234171085e-05,0.999978945876583
"196",9.97828825544551e-05,0.999900217117446
"197",5.98499100927844e-06,0.999994015008991
"198",7.37361467644579e-05,0.999926263853235
"199",4.37770097111549e-06,0.999995622299029
"200",9.97634570846183e-07,0.999999002365429
"201",9.5829091102536e-05,0.999904170908897
"202",4.42844128202519e-05,0.99995571558718
"203",4.87838709895601e-06,0.999995121612901
"204",2.56715215812816e-05,0.999974328478419
"205",9.48672960798022e-05,0.99990513270392
"206",1.90797633095565e-05,0.99998092023669
"207",3.31326608810774e-06,0.999996686733912
"208",1.96242741237528e-06,0.999998037572588
"209",3.21836284036816e-05,0.999967816371596
"210",3.34826322661599e-05,0.999966517367734
"211",2.75354063178201e-05,0.999972464593682
"212",9.29357113696906e-06,0.999990706428863
"213",5.66595628062214e-05,0.999943340437194
"214",1.60480538909522e-05,0.999983951946109
"215",5.3518404424554e-05,0.999946481595576
"216",3.60912122009477e-05,0.999963908787799
"217",1.33229251892593e-06,0.999998667707481
"218",1.37755593051135e-05,0.999986224440695
"219",1.49343192530431e-05,0.999985065680747
"220",2.2786326778866e-05,0.999977213673221
"221",2.79951784087907e-06,0.999997200482159
"222",1.67014346288459e-05,0.999983298565371
"223",1.23765839489699e-06,0.999998762341605
"224",6.32507231755895e-05,0.999936749276824
"225",1.10772416511727e-06,0.999998892275835
"226",1.92244628330354e-05,0.999980775537167
"227",2.86865270309672e-06,0.999997131347297
"228",2.7080560390942e-05,0.999972919439609
"229",7.98725731921952e-06,0.999992012742681
"230",2.85749870666385e-05,0.999971425012933
"231",1.78084330874575e-05,0.999982191566913
"232",7.69132648641379e-06,0.999992308673514
"233",0.00284763389977126,0.997152366100229
"234",0.0203157483709424,0.979684251629057
"235",0.927248215108967,0.0727517848910333
"236",0.000263695716502878,0.999736304283497
"237",4.03411078523016e-06,0.999995965889215
"238",9.61570567244272e-07,0.999999038429433
"239",9.36108856537971e-08,0.999999906389114
"240",1.28552254979278e-06,0.99999871447745
"241",3.57020748813899e-08,0.999999964297925
"242",8.9145540518899e-07,0.999999108544595
"243",5.08539566438058e-08,0.999999949146043
"244",6.50471111196739e-07,0.999999349528889
"245",9.58572621279345e-08,0.999999904142738
"246",2.91954642595783e-07,0.999999708045357
"247",1.45359763728781e-08,0.999999985464024
"248",7.7774786876643e-08,0.999999922225213
"249",6.54258339079387e-08,0.999999934574166
"250",0.00378621421770115,0.996213785782299
"251",0.000245003481939969,0.99975499651806
"252",0.0115121605558818,0.988487839444118
"253",0.564688965407956,0.435311034592044
"254",0.567264628284063,0.432735371715937
"255",0.970633722949926,0.0293662770500741
"256",0.980020672922129,0.0199793270778711
"257",0.998610511724595,0.00138948827540455
"258",0.99995153184625,4.84681537496599e-05
"259",0.998486235474358,0.00151376452564215
"260",0.0114577630057606,0.988542236994239
"261",0.0132371513750672,0.986762848624933
"262",0.00842165924800101,0.991578340751999
"263",0.0294119316430678,0.970588068356932
"264",0.00327993795818452,0.996720062041815
"265",0.701610058519836,0.298389941480164
"266",0.956483079086049,0.0435169209139513
"267",0.710768311558083,0.289231688441917
"268",0.293820134959915,0.706179865040085
"269",0.881721904192556,0.118278095807444
"270",0.81133143956765,0.18866856043235
"271",0.989033233399641,0.0109667666003593
"272",0.999623967457944,0.0003760325420557
"273",0.998603942326538,0.00139605767346164
"274",0.999971259436742,2.87405632575271e-05
"275",0.99999383632126,6.16367874021531e-06
"276",0.999999495052173,5.0494782654891e-07
"277",0.99997031962397,2.96803760296246e-05
"278",0.999999928123521,7.18764786951584e-08
"279",0.999999947787306,5.22126941815955e-08
"280",0.999998326470279,1.67352972105644e-06
"281",0.999978673887717,2.13261122827721e-05
"282",0.999997391516755,2.60848324506597e-06
"283",0.999989094103082,1.09058969180444e-05
"284",0.999987916155333,1.20838446667942e-05
"285",0.999999231867666,7.68132334157248e-07
"286",0.99998927138983,1.0728610170362e-05
"287",0.999999947375208,5.26247921308906e-08
"288",0.999999738091725,2.61908275495912e-07
"289",0.999994219082004,5.78091799636922e-06
"290",0.999996960190845,3.03980915537258e-06
"291",0.999999829377291,1.7062270852714e-07
"292",0.999993159112333,6.84088766750801e-06
"293",0.99999945310112,5.4689888008975e-07
"294",0.999997091281901,2.90871809933944e-06
"295",0.999998306008291,1.693991709174e-06
"296",0.999997613965071,2.38603492890191e-06
"297",1.61157783664786e-07,0.999999838842216
"298",1.86390970126707e-05,0.999981360902987
"299",0.00311691565446008,0.99688308434554
"300",4.08858102760878e-05,0.999959114189724
"301",0.0762296240138426,0.923770375986157
"302",1.56125572985583e-06,0.99999843874427
"303",4.64872857227964e-05,0.999953512714277
"304",0.000133975404129491,0.99986602459587
"305",2.17570888178973e-06,0.999997824291118
"306",4.04948353409679e-05,0.999959505164659
"307",6.0470606690535e-05,0.999939529393309
"308",5.83201075056369e-06,0.999994167989249
"309",3.50480176000047e-05,0.9999649519824
"310",3.29998534967145e-05,0.999967000146503
"311",1.03181762754504e-05,0.999989681823724
"312",7.21644295701402e-06,0.999992783557043
"313",5.57477686000987e-06,0.99999442522314
"314",1.66070765384849e-05,0.999983392923462
"315",1.22716685698431e-05,0.99998772833143
"316",0.000460639708570726,0.999539360291429
"317",1.40817487357782e-05,0.999985918251264
"318",9.62606074145801e-08,0.999999903739393
"319",0.00138988231149149,0.998610117688508
"320",1.15098230489779e-05,0.999988490176951
"321",0.015166815505396,0.984833184494604
"322",0.928614688343853,0.071385311656147
"323",9.23943006348644e-05,0.999907605699365
"324",6.36039294599607e-05,0.99993639607054
"325",2.73712089789938e-05,0.999972628791021
"326",4.11355265568465e-05,0.999958864473443
"327",1.10560897393777e-07,0.999999889439103
"328",0.000321154765325901,0.999678845234674
"329",2.8557261713379e-06,0.999997144273829
"330",0.0431933247458261,0.956806675254174
"331",3.09349293728919e-06,0.999996906507063
"332",0.00200077662411287,0.997999223375887
"333",2.09431430996232e-05,0.9999790568569
"334",0.39375810596518,0.60624189403482
"335",0.988839636099636,0.0111603639003636
"336",0.393917404370121,0.606082595629879
"337",1.39836435082529e-06,0.999998601635649
"338",4.53807376422316e-05,0.999954619262358
"339",2.61547689615709e-05,0.999973845231038
"340",3.18857805127178e-05,0.999968114219487
"341",4.79258559864799e-09,0.999999995207414
"342",1.35911874512186e-07,0.999999864088125
"343",0.000634722331099241,0.999365277668901
"344",0.000903813141029168,0.999096186858971
"345",0.213128059952693,0.786871940047307
"346",0.998702088680213,0.00129791131978727
"347",0.215783445801825,0.784216554198175
"348",0.12772654613322,0.87227345386678
"349",0.801866166822116,0.198133833177884
"350",0.999927034086316,7.29659136842779e-05
"351",9.45972966976407e-05,0.999905402703302
"352",1.43219056157818e-05,0.999985678094384
"353",6.85351669195372e-06,0.999993146483308
"354",9.07443308844397e-05,0.999909255669116
"355",8.12654746130825e-06,0.999991873452539
"356",8.46043873394632e-05,0.999915395612661
"357",2.06175584740534e-05,0.999979382441526
"358",1.05586607515813e-05,0.999989441339248
"359",5.37373211735773e-05,0.999946262678826
"360",1.18500112058338e-05,0.999988149988794
"361",5.44955128503209e-05,0.99994550448715
"362",1.92950308946224e-05,0.999980704969105
"363",0.000157375894958512,0.999842624105042
"364",0.000967584233637304,0.999032415766363
"365",1.06582353676712e-05,0.999989341764632
"366",0.0142338045403255,0.985766195459674
"367",0.984923936296191,0.0150760637038093
"368",6.6494884426351e-06,0.999993350511557
"369",2.96497985991111e-07,0.999999703502014
"370",0.00319165618189817,0.996808343818102
"371",9.12442673394656e-09,0.999999990875573
"372",4.74252556493164e-08,0.999999952574744
"373",3.05593105165245e-05,0.999969440689484
"374",0.000163957220732055,0.999836042779268
"375",0.000159661171444376,0.999840338828556
"376",7.02176677192251e-08,0.999999929782332
"377",7.32370046024189e-07,0.999999267629954
"378",4.22999819682583e-06,0.999995770001803
"379",0.000100874517827159,0.999899125482173
"380",9.48180501871672e-06,0.999990518194981
"381",6.84262516708418e-05,0.999931573748329
"382",8.53129412693951e-05,0.999914687058731
"383",2.04766635933919e-06,0.999997952333641
"384",1.18459945626725e-05,0.999988154005437
"385",5.68478506978866e-05,0.999943152149302
"386",1.18703621562194e-05,0.999988129637844
"387",2.09753726900942e-05,0.99997902462731
"388",3.10643286362003e-05,0.999968935671364
"389",1.8945899553321e-05,0.999981054100447
"390",8.87007516708177e-06,0.999991129924833
"391",1.15730979439445e-05,0.999988426902056
"392",6.78585922635803e-06,0.999993214140774
"393",1.78491252989769e-05,0.999982150874701
"394",0.000468034649557567,0.999531965350442
"395",5.25355393163754e-06,0.999994746446068
"396",5.34043398087155e-06,0.999994659566019
"397",2.42359537172237e-06,0.999997576404628
"398",1.32777845998531e-05,0.9999867222154
"399",4.01208596172509e-05,0.999959879140383
"400",4.27901308507395e-05,0.999957209869149
"401",1.79961080664569e-05,0.999982003891933
"402",1.03294929252257e-05,0.999989670507075
"403",3.94993278923622e-05,0.999960500672108
"404",3.7992562873574e-06,0.999996200743713
"405",3.35450492713048e-06,0.999996645495073
"406",1.08130339015509e-05,0.999989186966099
"407",8.47528906008363e-07,0.999999152471094
"408",7.85419523104349e-05,0.99992145804769
"409",0.711071974118196,0.288928025881804
"410",1.6739309712532e-06,0.999998326069029
"411",5.13867408919265e-07,0.999999486132591
"412",8.64525410218357e-07,0.99999913547459
"413",3.06430133170293e-05,0.999969356986683
"414",3.15556280230617e-05,0.999968444371977
"415",4.05266145790495e-05,0.999959473385421
"416",4.56478832291392e-06,0.999995435211677
"417",6.10922575534589e-07,0.999999389077424
"418",5.06395144160344e-06,0.999994936048558
"419",5.18338832573689e-05,0.999948166116743
"420",5.48387082213511e-05,0.999945161291779
"421",1.27842143806415e-06,0.999998721578562
"422",0.000110795872508636,0.999889204127491
"423",1.35347775570561e-06,0.999998646522244
"424",7.7170867327008e-05,0.999922829132673
"425",8.08995802257334e-07,0.999999191004198
"426",6.68999976155155e-05,0.999933100002384
"427",9.36827767901572e-07,0.999999063172232
"428",3.72151394049983e-05,0.999962784860595
"429",1.70473988851075e-06,0.999998295260112
"430",3.33919886854987e-05,0.999966608011315
"431",2.14361981704985e-05,0.999978563801829
"432",4.77852592101747e-07,0.999999522147408
"433",1.49681812477213e-05,0.999985031818752
"434",7.01754075386476e-05,0.999929824592461
"435",1.80548975532819e-05,0.999981945102447
"436",2.92734096981996e-05,0.999970726590302
"437",0.000481085147077465,0.999518914852923
"438",3.13955456620194e-07,0.999999686044543
"439",2.45201818816668e-07,0.999999754798181
"440",1.40117074496507e-06,0.999998598829255
"441",1.7961495309793e-05,0.99998203850469
"442",6.37089755277274e-05,0.999936291024472
"443",3.56653575950864e-05,0.999964334642405
"444",5.35711282644255e-05,0.999946428871736
"445",3.0604969427142e-05,0.999969395030573
"446",1.99109069204967e-05,0.99998008909308
"447",3.59816737142855e-06,0.999996401832629
"448",1.64102093637469e-06,0.999998358979064
"449",1.89134776354637e-06,0.999998108652236
"450",1.14544064487543e-06,0.999998854559355
"451",5.98638480539981e-05,0.999940136151946
"452",0.00125864378358158,0.998741356216418
"453",0.0124082018480541,0.987591798151946
"454",1.2199636275343e-06,0.999998780036372
"455",9.76009537626932e-07,0.999999023990462
"456",0.000218173635748573,0.999781826364251
"457",0.00451744206795174,0.995482557932048
"458",0.9960919944336,0.00390800556640042
"459",0.000602633380511025,0.999397366619489
"460",1.87379399055504e-06,0.999998126206009
"461",2.16747079461566e-05,0.999978325292054
"462",8.96604108449128e-07,0.999999103395891
"463",1.19817598339456e-05,0.999988018240166
"464",1.30674315885997e-06,0.999998693256841
"465",6.11200338677367e-06,0.999993887996613
"466",1.94458988209884e-07,0.999999805541012
"467",2.8501646357507e-06,0.999997149835364
"468",4.34146256784645e-08,0.999999956585374
"469",1.21220903520362e-06,0.999998787790965
"470",1.83730499213502e-06,0.999998162695008
"471",3.31361161987057e-06,0.99999668638838
"472",1.97436511355015e-05,0.999980256348865
"473",1.72086082030207e-06,0.99999827913918
"474",0.00180284114150048,0.998197158858499
"475",3.18319335155975e-07,0.999999681680665
"476",2.17121720170563e-06,0.999997828782798
"477",1.34931486201742e-05,0.99998650685138
"478",4.1806012280055e-05,0.99995819398772
"479",1.54055664071448e-05,0.999984594433593
"480",3.05056821590683e-06,0.999996949431784
"481",2.82760405770498e-05,0.999971723959423
"482",2.1670006476046e-05,0.999978329993524
"483",1.07882114817304e-05,0.999989211788518
"484",2.04954619831331e-06,0.999997950453802
"485",4.80521782078997e-06,0.999995194782179
"486",2.97879384627839e-05,0.999970212061537
"487",3.17867538668699e-05,0.999968213246133
"488",1.98675565369507e-06,0.999998013244346
"489",1.45907346922481e-06,0.999998540926531
"490",6.98851150066828e-06,0.999993011488499
"491",2.12356214835133e-05,0.999978764378517
"492",2.99828459351977e-07,0.999999700171541
"493",2.49176209619289e-05,0.999975082379038
"494",2.59684756711216e-08,0.999999974031524
"495",1.33401504192294e-05,0.999986659849581
"496",0.000390200235734016,0.999609799764266
"497",8.30082007819023e-06,0.999991699179922
"498",4.27769810186733e-08,0.999999957223019
"499",1.55179089535143e-05,0.999984482091046
"500",3.73669403689436e-07,0.999999626330596
"501",2.06637117093678e-05,0.999979336288291
"502",3.68200518945815e-06,0.99999631799481
"503",6.85295230634345e-06,0.999993147047694
"504",1.19008256889153e-07,0.999999880991743
"505",7.85794473979753e-05,0.999921420552602
"506",0.000105708871556488,0.999894291128444
"507",1.61708060996258e-07,0.999999838291939
"508",8.72300332648663e-05,0.999912769966735
"509",1.22150595366173e-05,0.999987784940463
"510",1.20214205877556e-05,0.999987978579412
"511",7.48094740525486e-05,0.999925190525947
"512",0.0389117994242926,0.961088200575707
"513",6.15441960186292e-07,0.99999938455804
"514",1.18277118926563e-05,0.999988172288107
"515",5.6083328538865e-05,0.999943916671461
"516",5.18054019360628e-05,0.999948194598064
"517",1.45423087859278e-06,0.999998545769121
"518",1.969402389177e-06,0.999998030597611
"519",4.89624722342487e-05,0.999951037527766
"520",4.43998763817424e-06,0.999995560012362
"521",3.95539286780151e-05,0.999960446071322
"522",0.000315982620851924,0.999684017379148
"523",3.27124801193231e-05,0.999967287519881
"524",0.00254473573112343,0.997455264268877
"525",0.00646670047720851,0.993533299522792
"526",0.000208217355450616,0.999791782644549
"527",0.0010527613258206,0.998947238674179
"528",2.13525353408913e-05,0.999978647464659
"529",0.000524173138974337,0.999475826861026
"530",7.06714897153906e-06,0.999992932851029
"531",1.177363345916e-05,0.999988226366541
"532",0.0822747616985522,0.917725238301448
"533",0.0749761313733806,0.925023868626619
"534",0.0763796265032278,0.923620373496772
"535",0.0109102620447598,0.98908973795524
"536",0.067648405690009,0.932351594309991
"537",0.109418630704926,0.890581369295074
"538",0.971763334805048,0.0282366651949522
"539",0.998045310008121,0.00195468999187947
"540",0.999498854018644,0.000501145981355818
"541",0.999840544323858,0.000159455676141853
"542",0.999606051874523,0.000393948125476809
"543",0.986187077135838,0.0138129228641618
"544",0.999939517764849,6.0482235151052e-05
"545",0.999990329926656,9.67007334428605e-06
"546",0.9999938321901,6.16780989967998e-06
"547",0.999642441827991,0.000357558172009349
"548",0.997570077398034,0.00242992260196608
"549",0.9998365138294,0.000163486170600194
"550",0.540413044629842,0.459586955370158
"551",0.0118012672273098,0.98819873277269
"552",0.937446007661788,0.0625539923382116
"553",0.999524727061284,0.000475272938715686
"554",0.998733233046013,0.00126676695398662
"555",0.999799839927401,0.000200160072598908
"556",0.999992225079262,7.77492073850217e-06
"557",0.999995650919049,4.34908095109118e-06
"558",0.999959228925164,4.07710748361195e-05
"559",0.999957736271446,4.22637285540018e-05
"560",0.999998646178202,1.35382179838214e-06
"561",0.999977047435424,2.29525645757468e-05
"562",0.999996077512131,3.9224878693341e-06
"563",0.999959942294966,4.0057705034256e-05
"564",0.00119864870324871,0.998801351296751
"565",0.000168008864510926,0.999831991135489
"566",7.33982542173996e-05,0.999926601745783
"567",7.80827557614901e-05,0.999921917244239
"568",0.00190658283668384,0.998093417163316
"569",0.0433915717909915,0.956608428209009
"570",0.996930985666753,0.00306901433324651
"571",0.00204952080007916,0.997950479199921
"572",4.92821124182517e-05,0.999950717887582
"573",3.50793133262502e-06,0.999996492068667
"574",4.08117663290402e-06,0.999995918823367
"575",0.0196328514533005,0.980367148546699
"576",0.993977530442902,0.00602246955709805
"577",0.0171253809916907,0.982874619008309
"578",0.000442587142387035,0.999557412857613
"579",0.0566193200406842,0.943380679959316
"580",9.12048968715214e-08,0.999999908795103
"581",1.05309849126369e-05,0.999989469015087
"582",6.7120520643068e-05,0.999932879479357
"583",8.31908592509602e-06,0.999991680914075
"584",2.36066095221208e-05,0.999976393390478
"585",1.54112126846424e-05,0.999984588787315
"586",1.86142121045419e-05,0.999981385787895
"587",4.54057283298174e-07,0.999999545942717
"588",7.15258758133126e-06,0.999992847412419
"589",5.31939569822276e-05,0.999946806043018
"590",5.57851829060559e-06,0.999994421481709
"591",4.94573440626272e-05,0.999950542655937
"592",3.29693565668101e-07,0.999999670306434
"593",3.90469802595779e-05,0.999960953019741
"594",2.8658783510394e-05,0.99997134121649
"595",3.90493931372343e-05,0.999960950606863
"596",2.38964960146624e-05,0.999976103503985
"597",1.41327510807121e-05,0.999985867248919
"598",1.9570087758615e-06,0.999998042991224
"599",0.00365537555754392,0.996344624442456
"600",0.993246563389257,0.00675343661074306
"601",0.000123519201985631,0.999876480798014
"602",2.8067418756752e-05,0.999971932581243
"603",3.85849808149579e-05,0.999961415019185
"604",3.00129000897511e-05,0.99996998709991
"605",2.0584066632282e-05,0.999979415933368
"606",3.02126723663667e-05,0.999969787327634
"607",2.17276879994038e-08,0.999999978272312
"608",9.02509947892085e-07,0.999999097490052
"609",9.73550286141911e-07,0.999999026449714
"610",2.74752814110334e-05,0.999972524718589
"611",8.11604834608424e-05,0.999918839516539
"612",2.96141925787209e-05,0.999970385807421
"613",1.85310398400973e-05,0.99998146896016
"614",6.7787590554932e-06,0.999993221240944
"615",8.20672333770952e-05,0.999917932766623
"616",2.13562227904449e-05,0.99997864377721
"617",7.90518192721966e-05,0.999920948180728
"618",0.000739243256882991,0.999260756743117
"619",0.0272619445668805,0.97273805543312
"620",0.00139484087486655,0.998605159125133
"621",0.937659803402258,0.0623401965977422
"622",2.88438899931376e-08,0.99999997115611
"623",5.27718735384724e-07,0.999999472281265
"624",3.85528196805048e-05,0.99996144718032
"625",4.1844669618099e-05,0.999958155330382
"626",5.21236033986261e-05,0.999947876396601
"627",2.23907868860557e-06,0.999997760921311
"628",2.32848098461433e-05,0.999976715190154
"629",5.62309802004291e-05,0.9999437690198
"630",1.2230521382747e-05,0.999987769478617
"631",8.85587493983876e-06,0.99999114412506
"632",0.000258940395122015,0.999741059604878
"633",0.05279199900424,0.94720800099576
"634",6.71567017085052e-05,0.999932843298291
"635",4.77526428118548e-05,0.999952247357188
"636",1.69646945854706e-08,0.999999983035305
"637",5.16408288554174e-07,0.999999483591712
"638",0.000149555944798286,0.999850444055202
"639",2.23503963076111e-07,0.999999776496037
"640",1.55104207293398e-05,0.999984489579271
"641",8.18724054872935e-05,0.999918127594513
"642",7.02167281937442e-05,0.999929783271806
"643",5.51779866247486e-07,0.999999448220134
"644",2.7283145084049e-05,0.999972716854916
"645",8.30606397879991e-05,0.999916939360212
"646",4.27326310214548e-05,0.999957267368978
"647",3.06830167627075e-05,0.999969316983237
"648",2.85505525945478e-05,0.999971449447405
"649",0.00262483176567364,0.997375168234326
"650",0.00113877373985741,0.998861226260143
"651",0.00171749328829521,0.998282506711705
"652",0.00875012294311947,0.991249877056881
"653",0.151308809991282,0.848691190008718
"654",2.41358781970198e-07,0.999999758641218
"655",3.81778060212594e-05,0.999961822193979
"656",4.60751926686967e-05,0.999953924807331
"657",7.53596870642127e-05,0.999924640312936
"658",1.64731800385912e-06,0.999998352681996
"659",0.000989254125354014,0.999010745874646
"660",0.000103143391300044,0.9998968566087
"661",0.019983018228907,0.980016981771093
"662",0.368449324829932,0.631550675170068
"663",2.14379509952452e-06,0.999997856204901
"664",8.81764331978021e-05,0.999911823566802
"665",7.43680659982654e-06,0.9999925631934
"666",5.1669153831655e-06,0.999994833084617
"667",3.4870237361597e-06,0.999996512976264
"668",5.07546210365785e-05,0.999949245378963
"669",2.51804627150157e-06,0.999997481953729
"670",0.000779402957390938,0.999220597042609
"671",5.07904184334047e-07,0.999999492095816
"672",1.20530690962981e-05,0.999987946930904
"673",1.30112575802041e-07,0.999999869887424
"674",1.98373148882403e-05,0.999980162685112
"675",7.38496248813658e-07,0.999999261503751
"676",0.000557786479069583,0.99944221352093
"677",1.698707860823e-06,0.999998301292139
"678",1.25301671272705e-05,0.999987469832873
"679",0.000163336811379937,0.99983666318862
"680",0.000405957210205339,0.999594042789795
"681",1.10447723991748e-08,0.999999988955228
"682",1.44438843537402e-06,0.999998555611565
"683",0.000110747531961567,0.999889252468038
"684",4.40122712634317e-07,0.999999559877287
"685",0.000216566108379535,0.99978343389162
"686",4.32645683295892e-08,0.999999956735432
"687",2.08302194013414e-06,0.99999791697806
"688",1.48442313987753e-05,0.999985155768601
"689",0.000166396850047255,0.999833603149953
"690",0.000153784080293829,0.999846215919706
"691",6.2216404233906e-07,0.999999377835958
"692",0.00015670189047804,0.999843298109522
"693",1.54313497885543e-06,0.999998456865021
"694",2.8712858529921e-05,0.99997128714147
"695",4.69820589134108e-07,0.999999530179411
"696",1.90603333149487e-05,0.999980939666685
"697",6.87723908712976e-05,0.999931227609129
"698",9.98935154456999e-05,0.999900106484554
"699",3.82568787916325e-07,0.999999617431212
"700",2.47681526165906e-06,0.999997523184738
"701",2.60360438379894e-05,0.999973963956162
"702",9.47019385505159e-05,0.999905298061449
"703",1.34396977970558e-05,0.999986560302203
"704",7.5434237374907e-05,0.999924565762625
"705",0.000259137600714024,0.999740862399286
"706",0.0252937407363036,0.974706259263696
"707",0.000108080674380439,0.99989191932562
"708",1.7199253168704e-07,0.999999828007468
"709",2.30220637455241e-05,0.999976977936255
"710",7.64140260297433e-06,0.999992358597397
"711",5.2279177187129e-08,0.999999947720823
"712",2.01369128521581e-06,0.999997986308715
"713",1.5638903549025e-06,0.999998436109645
"714",1.05554047842519e-05,0.999989444595216
"715",9.30675977740045e-05,0.999906932402226
"716",2.40518228287969e-05,0.999975948177171
"717",2.84612568839943e-05,0.999971538743116
"718",9.3989684606622e-06,0.999990601031539
"719",4.66762372960492e-06,0.99999533237627
"720",2.54335906788191e-06,0.999997456640932
"721",8.73951042440202e-06,0.999991260489576
"722",4.63675694469804e-05,0.999953632430553
"723",1.08243283635983e-05,0.999989175671636
"724",2.83529141750815e-05,0.999971647085825
"725",3.01829005362453e-05,0.999969817099464
"726",5.85297854474562e-05,0.999941470214552
"727",0.000228093102402443,0.999771906897598
"728",1.29596691926749e-05,0.999987040330807
"729",7.58654996387957e-06,0.999992413450036
"730",6.59048073465968e-05,0.999934095192653
"731",1.60816960491549e-05,0.999983918303951
"732",0.000628850929070182,0.99937114907093
"733",0.000469957743350606,0.999530042256649
"734",0.0518178997527331,0.948182100247267
"735",1.46646389387718e-05,0.999985335361061
"736",8.6283899641289e-05,0.999913716100359
"737",2.01488695854064e-06,0.999997985113041
"738",2.2574952668523e-05,0.999977425047331
"739",0.00925510875482557,0.990744891245174
"740",0.000204526038664514,0.999795473961335
"741",8.38434182683047e-05,0.999916156581732
"742",6.21895145105656e-06,0.999993781048549
"743",4.3717067511992e-05,0.999956282932488
"744",6.31520028967852e-06,0.99999368479971
"745",0.000730700632331236,0.999269299367669
"746",6.06750444126342e-07,0.999999393249556
"747",1.37271926913799e-05,0.999986272807309
"748",3.06532911106593e-07,0.999999693467089
"749",9.72804114779668e-06,0.999990271958852
"750",9.74657493597706e-06,0.999990253425064
"751",0.930561209037148,0.0694387909628521
"752",0.999945083718875,5.49162811253448e-05
"753",0.988492215508799,0.0115077844912012
"754",0.977602798361877,0.0223972016381225
"755",0.957067718199618,0.042932281800382
"756",0.953992726752069,0.0460072732479312
"757",0.999660100147593,0.000339899852407364
"758",0.999948596644442,5.14033555583323e-05
"759",0.999658744518668,0.000341255481332098
"760",0.999979754785623,2.02452143775433e-05
"761",0.999959623755515,4.03762444854376e-05
"762",0.999990807131559,9.19286844142659e-06
"763",0.999524199628836,0.000475800371163806
"764",3.50024029294071e-06,0.999996499759707
"765",6.68290942862845e-07,0.999999331709057
"766",2.06620878590527e-07,0.999999793379121
"767",3.41031167579981e-06,0.999996589688324
"768",5.00338901369085e-05,0.999949966109863
"769",4.13823839252649e-06,0.999995861761607
"770",5.16413730047926e-05,0.999948358626995
"771",1.07976639698022e-06,0.999998920233603
"772",2.11391896943461e-05,0.999978860810306
"773",4.11143393684676e-07,0.999999588856606
"774",4.9444215032605e-05,0.999950555784967
"775",1.13060255024668e-05,0.999988693974498
"776",0.00105821238536889,0.998941787614631
"777",0.000118715540186339,0.999881284459814
"778",7.2623867185163e-07,0.999999273761328
"779",1.06061210423546e-05,0.999989393878958
"780",6.5945273433556e-07,0.999999340547266
"781",5.51744398555153e-06,0.999994482556014
"782",6.53592489146607e-07,0.999999346407511
"783",4.4996757313889e-06,0.999995500324269
"784",4.52588496412747e-06,0.999995474115036
"785",8.55387232571452e-07,0.999999144612767
"786",0.00139388387112452,0.998606116128875
"787",2.4485247537037e-07,0.999999755147525
"788",7.38753720131617e-06,0.999992612462799
"789",3.35722166800275e-07,0.999999664277833
"790",1.18990999331788e-07,0.999999881009001
"791",3.63430834764287e-06,0.999996365691652
"792",3.86982320067144e-05,0.999961301767993
"793",1.0771262825122e-05,0.999989228737175
"794",0.000672044314895214,0.999327955685105
"795",4.05928796004164e-06,0.99999594071204
"796",8.14143480169401e-06,0.999991858565198
"797",3.42451050567306e-06,0.999996575489494
"798",1.25818846869294e-06,0.999998741811531
"799",2.16592929503118e-06,0.999997834070705
"800",6.61146004879013e-07,0.999999338853995
"801",8.24930174336046e-06,0.999991750698257
"802",8.04144993538925e-05,0.999919585500646
"803",3.43254719503247e-05,0.99996567452805
"804",0.00282870271303251,0.997171297286968
"805",0.000315487990379384,0.999684512009621
"806",2.1636196876096e-07,0.999999783638031
"807",1.40146588040621e-05,0.999985985341196
"808",0.000119361792207612,0.999880638207792
"809",0.000124535351906117,0.999875464648094
"810",0.0245270585485379,0.975472941451462
"811",0.000227776083383167,0.999772223916617
"812",5.73046557529194e-05,0.999942695344247
"813",0.000111200194983656,0.999888799805016
"814",0.00322285533734064,0.996777144662659
"815",0.989098589596277,0.0109014104037231
"816",0.000185985954579738,0.99981401404542
"817",8.08850132869156e-05,0.999919114986713
"818",3.57810444565602e-05,0.999964218955543
"819",7.35242966963125e-08,0.999999926475703
"820",1.92105516064433e-06,0.999998078944839
"821",1.45123359228094e-05,0.999985487664077
"822",2.48027967088043e-05,0.999975197203291
"823",8.97486909174099e-06,0.999991025130908
"824",1.66438497653508e-05,0.999983356150235
"825",3.41859944828439e-07,0.999999658140055
"826",2.70932473149003e-05,0.999972906752685
"827",3.1111301236983e-06,0.999996888869876
"828",3.40110306699941e-05,0.99996598896933
"829",1.56555796540944e-06,0.999998434442035
"830",1.43741891734543e-05,0.999985625810827
"831",1.67294826202632e-05,0.99998327051738
"832",8.54580446627738e-08,0.999999914541955
"833",5.20648366604037e-05,0.99994793516334
"834",9.00058899574816e-06,0.999990999411004
"835",8.34862284449385e-05,0.999916513771555
"836",2.61433640954939e-08,0.999999973856636
"837",1.1964395151675e-05,0.999988035604848
"838",0.000118760750401517,0.999881239249598
"839",5.84760451823406e-05,0.999941523954818
"840",1.30688175977071e-05,0.999986931182402
"841",5.41324669315776e-08,0.999999945867533
"842",7.10673880966201e-06,0.99999289326119
"843",8.8748671267247e-05,0.999911251328733
"844",6.39304520604696e-05,0.999936069547939
"845",1.25963356096875e-07,0.999999874036644
"846",0.000136271503575201,0.999863728496425
"847",3.95317432712072e-08,0.999999960468257
"848",1.15799794803827e-06,0.999998842002052
"849",0.000102014196516507,0.999897985803483
"850",4.06798480618191e-06,0.999995932015194
"851",3.88594948778384e-06,0.999996114050512
"852",6.44792678548264e-05,0.999935520732145
"853",1.84911213108845e-05,0.999981508878689
"854",3.6684931550215e-05,0.99996331506845
"855",8.37726383360238e-08,0.999999916227362
"856",1.82883377839285e-06,0.999998171166222
"857",8.11879200649973e-05,0.999918812079935
"858",1.87652109049417e-05,0.999981234789095
"859",0.000460996485847924,0.999539003514152
"860",6.87710940795778e-05,0.99993122890592
"861",1.31511448086277e-06,0.999998684885519
"862",0.00156941805616055,0.998430581943839
"863",8.74960699632292e-07,0.9999991250393
"864",1.42612944765262e-05,0.999985738705523
"865",1.03141527278094e-06,0.999998968584727
"866",1.5477010735532e-05,0.999984522989265
"867",2.0216560850211e-07,0.999999797834392
"868",2.53662623900254e-06,0.999997463373761
"869",4.03303226578568e-05,0.999959669677342
"870",4.49069737490866e-06,0.999995509302625
"871",2.00387750255969e-05,0.999979961224974
"872",2.69680478606838e-05,0.999973031952139
"873",3.20274519231436e-07,0.999999679725481
"874",1.16836133906478e-05,0.999988316386609
"875",1.42819771624557e-05,0.999985718022838
"876",3.24952156195034e-05,0.99996750478438
"877",1.27414483648791e-06,0.999998725855164
"878",8.44156565440096e-07,0.999999155843435
"879",1.30594627977915e-05,0.999986940537202
"880",3.74256905604048e-05,0.99996257430944
"881",7.61553371013892e-08,0.999999923844663
"882",5.63872688817373e-07,0.999999436127311
"883",1.13268202741635e-05,0.999988673179726
"884",9.6144365210251e-05,0.99990385563479
"885",8.37537724851254e-05,0.999916246227515
"886",6.7579847747762e-06,0.999993242015225
"887",0.000498330479374726,0.999501669520625
"888",5.61350338680845e-06,0.999994386496613
"889",1.91194816558811e-07,0.999999808805183
"890",4.42552889136025e-07,0.999999557447111
"891",0.000141435850892686,0.999858564149107
"892",3.86120248281653e-07,0.999999613879752
"893",0.000132633386143217,0.999867366613857
"894",2.58399427458743e-07,0.999999741600573
"895",0.000107479038465394,0.999892520961535
"896",1.84604360782302e-07,0.999999815395639
"897",3.60221603526966e-06,0.999996397783965
"898",7.5755089926709e-05,0.999924244910073
"899",6.05108120660545e-06,0.999993948918793
"900",5.52909056478489e-05,0.999944709094352
"901",3.87155181555259e-06,0.999996128448185
"902",9.27151977116391e-07,0.999999072848023
"903",1.58405277505433e-06,0.999998415947225
"904",1.21586887135889e-06,0.999998784131129
"905",4.36374687010553e-07,0.999999563625313
"906",7.62940571399114e-07,0.999999237059429
"907",2.57101390937212e-06,0.999997428986091
"908",4.27002775824044e-06,0.999995729972242
"909",7.74772925897292e-06,0.999992252270741
"910",1.75973318222361e-06,0.999998240266818
"911",3.67885650953775e-07,0.999999632114349
"912",5.36705705717602e-05,0.999946329429428
"913",8.20637801311622e-07,0.999999179362199
"914",2.72996774433699e-05,0.999972700322557
"915",2.6542624156118e-07,0.999999734573758
"916",3.96374887936133e-05,0.999960362511206
"917",5.71513673296742e-07,0.999999428486327
"918",2.3916900884779e-05,0.999976083099115
"919",5.21196125217623e-07,0.999999478803875
"920",4.70478801133092e-07,0.999999529521199
"921",1.60912970788388e-05,0.999983908702921
"922",0.000129935891759846,0.99987006410824
"923",0.0135511093447844,0.986448890655215
"924",1.91272015892594e-06,0.999998087279841
"925",6.43220211938135e-06,0.999993567797881
"926",3.75228289031436e-07,0.999999624771711
"927",4.07044337432969e-06,0.999995929556626
"928",4.22914261488386e-06,0.999995770857385
"929",3.05135216686783e-07,0.999999694864783
"930",4.91347042394899e-06,0.999995086529576
"931",0.000100735103988776,0.999899264896011
"932",9.52670331415222e-06,0.999990473296686
"933",4.59372584338118e-07,0.999999540627416
"934",2.67140998488245e-05,0.999973285900151
"935",5.96621742003619e-07,0.999999403378258
"936",1.03649876829731e-05,0.999989635012317
"937",1.02018739136726e-05,0.999989798126086
"938",1.83774644694209e-05,0.999981622535531
"939",1.79728669503725e-06,0.999998202713305
"940",1.16159633503142e-07,0.999999883840367
"941",8.61034260549427e-07,0.999999138965739
"942",6.8709266521909e-05,0.999931290733478
"943",6.03435049412444e-06,0.999993965649506
"944",2.15152883040262e-05,0.999978484711696
"945",2.57385721485118e-05,0.999974261427852
"946",1.28824394861517e-05,0.999987117560514
"947",1.67174703329421e-06,0.999998328252967
"948",7.4006194074456e-05,0.999925993805926
"949",1.06577069389919e-06,0.999998934229306
"950",4.72190465887966e-05,0.999952780953411
"951",3.14349697580845e-06,0.999996856503024
"952",2.10000795169241e-05,0.999978999920483
"953",6.41382772853677e-06,0.999993586172272
"954",1.6842429317996e-05,0.999983157570682
"955",3.75877715822744e-06,0.999996241222842
"956",2.76838789980096e-08,0.999999972316121
"957",1.33147008487188e-07,0.999999866852991
"958",1.75423262478529e-06,0.999998245767375
"959",3.06622253536281e-08,0.999999969337775
"960",1.13630945933271e-06,0.999998863690541
"961",8.58086991423554e-07,0.999999141913009
"962",3.28317442178446e-09,0.999999996716826
"963",1.71980257064431e-06,0.999998280197429
"964",4.13282089700691e-08,0.999999958671791
"965",8.27136485030092e-09,0.999999991728635
"966",1.5167464992828e-06,0.999998483253501
"967",4.57435045585363e-08,0.999999954256495
"968",1.4819065961177e-06,0.999998518093404
"969",8.47942876781452e-08,0.999999915205712
"970",2.34174716019932e-07,0.999999765825284
"971",5.5816021238427e-07,0.999999441839788
"972",1.20067706183806e-06,0.999998799322938
"973",2.27591339917674e-07,0.99999977240866
"974",9.62264695129247e-05,0.999903773530487
"975",1.67094133496731e-06,0.999998329058665
"976",0.00128868240345158,0.998711317596549
"977",0.00628021217909015,0.99371978782091
"978",0.405990610339218,0.594009389660782
"979",0.421275244657789,0.578724755342211
"980",1.20994555648538e-06,0.999998790054443
"981",3.08117009302827e-05,0.99996918829907
"982",3.20697296951117e-08,0.99999996793027
"983",2.46829509026926e-07,0.999999753170491
"984",1.4645194639103e-06,0.999998535480536
"985",6.11422194949565e-07,0.999999388577805
"986",2.34987640893045e-05,0.999976501235911
"987",4.86435989022556e-07,0.999999513564011
"988",3.7117974615149e-05,0.999962882025385
"989",1.04738229794173e-05,0.999989526177021
"990",2.39033408893746e-05,0.999976096659111
"991",0.000523802766679418,0.999476197233321
"992",3.1754158293501e-07,0.999999682458417
"993",2.62368359680016e-06,0.999997376316403
"994",6.55262635421633e-05,0.999934473736458
"995",1.37887883763035e-05,0.999986211211624
"996",7.59401023675142e-06,0.999992405989763
"997",2.40897612032343e-06,0.99999759102388
"998",8.63400012320578e-07,0.999999136599988
"999",8.00226788515071e-07,0.999999199773211
"1000",2.45115308465683e-06,0.999997548846915
"1001",4.04912283289177e-06,0.999995950877167
"1002",5.52203234742332e-05,0.999944779676526
"1003",7.53404223632104e-06,0.999992465957764
"1004",3.01428818691907e-05,0.999969857118131
"1005",2.4221816452789e-06,0.999997577818355
"1006",1.20710040609333e-05,0.999987928995939
"1007",2.840529846865e-07,0.999999715947015
"1008",3.40524252064313e-06,0.999996594757479
"1009",5.30289510092609e-06,0.999994697104899
"1010",1.27003312378415e-06,0.999998729966876
"1011",8.63032899044766e-06,0.99999136967101
"1012",6.88596063489007e-05,0.999931140393651
"1013",5.73987987569283e-05,0.999942601201243
"1014",5.73042213868054e-06,0.999994269577861
"1015",6.66717073157201e-06,0.999993332829268
"1016",1.57407044824454e-05,0.999984259295517
"1017",1.79621878647258e-06,0.999998203781214
"1018",1.17898330048803e-05,0.999988210166995
"1019",9.92419287417791e-06,0.999990075807126
"1020",5.10047971149853e-06,0.999994899520288
"1021",8.25965700297729e-06,0.999991740342997
"1022",3.80731997035269e-07,0.999999619268003
"1023",5.26151596809245e-06,0.999994738484032
"1024",7.8322535745624e-06,0.999992167746425
"1025",5.52855440843901e-07,0.999999447144559
"1026",5.86614335593943e-08,0.999999941338567
"1027",6.93873614829132e-06,0.999993061263852
"1028",2.22883630011547e-07,0.99999977711637
"1029",1.12838654203304e-07,0.999999887161346
"1030",1.08802288439507e-06,0.999998911977116
"1031",7.29752941134857e-07,0.999999270247059
"1032",6.10935402175391e-07,0.999999389064598
"1033",6.49120852312018e-07,0.999999350879148
"1034",2.0227254394184e-06,0.999997977274561
"1035",4.76877491195148e-07,0.999999523122509
"1036",4.20201654303708e-06,0.999995797983457
"1037",1.27943353771622e-05,0.999987205664623
"1038",3.40838142100235e-06,0.999996591618579
"1039",1.50874416731345e-05,0.999984912558327
"1040",1.57571523597473e-05,0.99998424284764
"1041",1.70774953155271e-06,0.999998292250469
"1042",3.27388794212747e-05,0.999967261120579
"1043",3.38439413499555e-07,0.999999661560587
"1044",3.02271676322226e-05,0.999969772832368
"1045",3.17097495163279e-07,0.999999682902505
"1046",2.44624664855164e-05,0.999975537533515
"1047",4.74141240248609e-07,0.99999952585876
"1048",1.36982828353965e-05,0.999986301717165
"1049",5.22713638472622e-06,0.999994772863615
"1050",8.46569853058368e-06,0.999991534301469
"1051",3.81863015860799e-06,0.999996181369841
"1052",9.72409758226371e-07,0.999999027590242
"1053",1.41220163341855e-05,0.999985877983666
"1054",1.55377163478293e-05,0.999984462283652
"1055",2.32219884509948e-05,0.999976778011549
"1056",0.000309399205659529,0.99969060079434
"1057",1.37717510340583e-06,0.999998622824897
"1058",5.45549000940914e-05,0.999945445099906
"1059",1.5504754589392e-07,0.999999844952454
"1060",9.43495678648141e-07,0.999999056504321
"1061",1.73107408302911e-05,0.99998268925917
"1062",1.48502469490124e-05,0.999985149753051
"1063",2.52115074238546e-06,0.999997478849258
"1064",2.45307090558185e-05,0.999975469290944
"1065",3.69054548789331e-06,0.999996309454512
"1066",7.23787555599597e-06,0.999992762124444
"1067",4.13315752156052e-08,0.999999958668425
"1068",1.50687637172357e-06,0.999998493123628
"1069",3.90995270917302e-05,0.999960900472908
"1070",3.81007368151007e-05,0.999961899263185
"1071",0.000552257127552704,0.999447742872447
"1072",3.95159439758105e-08,0.999999960484056
"1073",4.49165820854319e-06,0.999995508341791
"1074",1.16920136775149e-06,0.999998830798632
"1075",1.65794643025129e-05,0.999983420535697
"1076",2.99987796151659e-06,0.999997000122039
"1077",5.02459250727087e-06,0.999994975407493
"1078",2.67555978684648e-08,0.999999973244402
"1079",4.74710089094343e-05,0.999952528991091
"1080",1.03826475931488e-08,0.999999989617352
"1081",2.0457417798723e-06,0.99999795425822
"1082",3.90489566092663e-05,0.999960951043391
"1083",3.90452764742598e-05,0.999960954723526
"1084",4.61291706640004e-09,0.999999995387083
"1085",1.75308277277019e-07,0.999999824691723
"1086",1.11073435580156e-06,0.999998889265644
"1087",2.49404481572867e-05,0.999975059551843
"1088",4.19506727722483e-07,0.999999580493272
"1089",1.48999874362365e-05,0.999985100012564
"1090",1.454040910749e-06,0.999998545959089
"1091",9.90207735422045e-06,0.999990097922646
"1092",1.27827327432103e-05,0.999987217267257
"1093",1.20863003330957e-06,0.999998791369967
"1094",9.61773146756527e-06,0.999990382268532
"1095",2.73259415568916e-08,0.999999972674058
"1096",2.230788930748e-07,0.999999776921107
"1097",9.88233674603485e-06,0.999990117663254
"1098",1.32151236683395e-05,0.999986784876332
"1099",1.7904542022392e-06,0.999998209545798
"1100",8.25573246165281e-06,0.999991744267538
"1101",1.61113131575685e-08,0.999999983888687
"1102",4.73067877689015e-06,0.999995269321223
"1103",2.99463170497872e-05,0.99997005368295
"1104",2.10467251108845e-05,0.999978953274889
"1105",5.50450274096986e-08,0.999999944954973
"1106",1.27896550150134e-07,0.99999987210345
"1107",2.70747297003753e-05,0.9999729252703
"1108",1.04959437335839e-07,0.999999895040563
"1109",2.85951905383726e-05,0.999971404809462
"1110",4.28318977215732e-07,0.999999571681023
"1111",5.09067358739214e-07,0.999999490932641
"1112",2.00922636024682e-05,0.999979907736397
"1113",5.0329095555735e-07,0.999999496709044
"1114",1.2341173748259e-05,0.999987658826252
"1115",1.1638477564639e-07,0.999999883615224
"1116",1.18693017114049e-05,0.999988130698289
"1117",2.45939408575249e-08,0.999999975406059
"1118",3.62370189795724e-07,0.99999963762981
"1119",8.26826508856807e-06,0.999991731734912
"1120",7.61799403730618e-06,0.999992382005963
"1121",5.77888658292836e-07,0.999999422111342
"1122",2.56527198345019e-07,0.999999743472802
"1123",5.38343387510779e-06,0.999994616566125
"1124",3.10032190816523e-06,0.999996899678092
"1125",6.9770450980223e-07,0.99999930229549
"1126",2.08889687925378e-05,0.999979111031207
"1127",5.06462996463824e-08,0.9999999493537
"1128",3.45124668513637e-06,0.999996548753315
"1129",3.84311916568793e-06,0.999996156880834
"1130",1.08085351977687e-05,0.999989191464802
"1131",5.16039253178669e-08,0.999999948396075
"1132",1.44465988643409e-05,0.999985553401136
"1133",1.71432351736939e-07,0.999999828567648
"1134",1.11640390530934e-05,0.999988835960947
"1135",7.53414911356661e-08,0.999999924658509
"1136",4.30995111600536e-07,0.999999569004888
"1137",8.26178555734047e-06,0.999991738214443
"1138",6.91048769969923e-06,0.9999930895123
"1139",1.01189498342853e-07,0.999999898810502
"1140",3.38706672245283e-06,0.999996612933278
"1141",4.00272148892902e-07,0.999999599727851
"1142",4.91144506191442e-06,0.999995088554938
"1143",1.44558036757291e-06,0.999998554419632
"1144",1.59588248538585e-06,0.999998404117515
