"","(1,R1)","(2,R1)","(3,R1)","(4,R1)"
"1",2.59299609783676e-05,2.59911829931272e-05,0.0265536807582664,0.973394398097762
"2",5.92328256119726e-05,1.61643608393819e-05,0.0415690109161574,0.958355591897391
"3",0.0246945304411751,0.00671289158005562,0.368451478526612,0.600141099452157
"4",0.00278307787192638,0.000756122356479568,0.679397467868917,0.317063331902677
"5",0.00180679315988554,0.000491047074565135,0.736683996205833,0.261018163559717
"6",0.00252365122774584,0.00068591215624367,0.900563572417255,0.096226864198756
"7",1.27708577831853e-05,3.4831237416277e-06,0.0515519327041218,0.948431813314353
"8",0.00137303928467027,0.000373303915810461,0.633676241653483,0.364577415146036
"9",0.00290780668103266,0.000790976857218307,0.736766175734863,0.259535040726886
"10",0.00306006646830367,0.000831643832146872,0.904854520197607,0.0912537695019419
"11",2.18796553520148e-07,5.99277242738048e-08,0.0183567316640927,0.98164298961163
"12",3.77873659259693e-07,1.03711998034084e-07,0.0320924826692367,0.967907035745106
"13",1.14584334574644e-06,3.12832168356722e-07,0.188990886771534,0.811007654552952
"14",1.1076072320634e-05,3.02656111800605e-06,0.27452977752434,0.725456119842221
"15",0.0003316063928312,9.02701080868403e-05,0.526820312554281,0.472757810944801
"16",0.000154385645046552,4.19517841177065e-05,0.928666691076312,0.0711369714945235
"17",8.03426964651285e-05,2.18279298581562e-05,0.956145076368343,0.0437527530053333
"18",0.000264934475596867,7.21095532495024e-05,0.402932434461926,0.596730521509228
"19",0.00097843544470886,0.000266527765795303,0.413760223294955,0.584994813494541
"20",0.0062336581089621,0.00169737499495183,0.376501126893493,0.615567840002593
"21",0.0020421703089334,0.000554987155486185,0.535776755097854,0.461626087437727
"22",0.00310852953393383,0.000845223138904949,0.770495971541032,0.225550275786129
"23",0.00302912246716628,0.000823304816832961,0.881139266278006,0.115008306437995
"24",0.0128073624629313,0.00348338853834412,0.865495845192379,0.118213403806346
"25",0.0158381550678627,0.00430643270025489,0.889262519710211,0.0905928925216715
"26",0.0221661843148811,0.00602555156038681,0.901620056029616,0.070188208095116
"27",0.0217083924117118,0.0059010406436358,0.926355087095565,0.0460354798490869
"28",6.72802130666506e-06,1.83684655817714e-06,0.340472115558092,0.659519319574043
"29",5.01061315402742e-05,1.36331273182214e-05,0.647869731846536,0.352066528894606
"30",4.74298160955231e-05,1.28852128632816e-05,0.966963693335565,0.0329759916354764
"31",7.2409510574789e-06,1.9709183996372e-06,0.769107683995289,0.230883104135254
"32",0.000159243048673029,4.33122468170568e-05,0.860249325789072,0.139548118915438
"33",1.28429427640384e-06,3.4846232588255e-07,0.982308559220965,0.0176898080224326
"34",9.89381809274898e-06,2.69965416290234e-06,0.817282011573012,0.182705394954732
"35",7.48117348804146e-05,2.03341544602178e-05,0.935538404132023,0.0643664499786362
"36",2.27931514415588e-05,6.20576309773756e-06,0.880090158792379,0.119880842293082
"37",1.8341035255012e-05,4.98366764655979e-06,0.973389719210222,0.0265869560868766
"38",1.41924658864549e-05,3.85959126787006e-06,0.943237362300612,0.0567445856422338
"39",8.93107972481563e-07,2.42802168000819e-07,0.970643765633144,0.0293550984567153
"40",5.75060770138729e-06,1.56429061050428e-06,0.977079901344122,0.0229127837575665
"41",4.25414361878737e-07,1.16442922585429e-07,0.973853423543297,0.0261460345994182
"42",5.1560242809488e-06,1.40349956491804e-06,0.974806667558705,0.0251867729174487
"43",4.50715711726825e-06,1.22853896477166e-06,0.971370352067251,0.0286239122366669
"44",1.51598682184641e-05,4.12723106331049e-06,0.491284449610932,0.508696263289786
"45",9.48771993392668e-05,2.58074452509409e-05,0.727083930068065,0.272795385287345
"46",0.000153308719627015,4.17301540443607e-05,0.79700125849341,0.202803702632918
"47",8.54495124153329e-05,2.32687745189646e-05,0.532918232610679,0.466973049102386
"48",4.72132652921305e-05,1.28429502996145e-05,0.74428957394641,0.255650369837999
"49",7.26136635522192e-05,1.97380359212639e-05,0.896930166084656,0.102977482215871
"50",6.55899352382897e-05,1.78471634114937e-05,0.84215475687509,0.15776180602626
"51",3.59852510324621e-05,9.78292983122029e-06,0.942627896372053,0.0573263354470832
"52",0.000973422063859734,0.000265869714252664,0.52089292198844,0.477867786233448
"53",0.0220121752164671,0.00600368062694224,0.446847247131722,0.525136897024869
"54",0.0687124684267974,0.0186805445595134,0.344761766230964,0.567845220782725
"55",0.0562356099059594,0.0152917398366092,0.395031232313841,0.533441417943591
"56",4.26067356201277e-05,1.15727104669778e-05,0.893147380623646,0.106798439930267
"57",5.07125208373487e-06,1.37732588025034e-06,0.988903116614573,0.0110904348074626
"58",2.73920596085805e-06,7.45473224454108e-07,0.935067616848222,0.064928898472593
"59",8.47722174808081e-06,2.30872780802093e-06,0.95057595978143,0.0494132542690135
"60",5.97185062709908e-06,1.62421372613178e-06,0.976573372552299,0.0234190313833479
"61",1.93853846262088e-06,5.27798900965943e-07,0.963841720063902,0.0361558135987341
"62",5.76738660289966e-06,1.57152992559401e-06,0.966523154143703,0.0334695069397681
"63",1.41034168361388e-06,3.83501651128949e-07,0.984645719587852,0.0153524865688134
"64",5.91359161086602e-07,1.61390820513417e-07,0.989307374982163,0.0106918722678551
"65",3.22718097876342e-07,8.78556906207567e-08,0.995939862506209,0.00405972692000216
"66",2.74951956727501e-05,7.54767642062692e-06,0.0403649047107591,0.959600052417148
"67",0.0564902560993618,0.0153691615275616,0.1746663385017,0.753474243871376
"68",4.12805365720362e-06,1.13289569263642e-06,0.0490653169529155,0.950929422097735
"69",8.23122515647238e-05,2.23575995167781e-05,0.968279108936537,0.0316162212123813
"70",6.6663235440927e-08,1.83208674545586e-08,0.0541019070201131,0.945898007995784
"71",5.60488168012015e-06,1.5372642842514e-06,0.0803367314063911,0.919656126447644
"72",0.000597900985505505,0.000162489725723031,0.834771126914944,0.164468482373828
"73",2.51020277106466e-05,6.91533914309111e-06,0.0890322119618356,0.910935770671311
"74",6.73258559412288e-06,1.83769569214167e-06,0.290949951457299,0.709041478261415
"75",0.000254837790337424,6.94467219179697e-05,0.471235061168459,0.528440654319285
"76",0.000204969185319127,5.57011577036251e-05,0.906555397533737,0.0931839321232399
"77",5.59231302236727e-05,1.5244514953933e-05,0.449996220421545,0.549932611933277
"78",0.0504519820094353,0.0137123456841082,0.814779177317854,0.121056494988603
"79",8.58436795633177e-06,2.33941226015013e-06,0.503484840324516,0.496504235895267
"80",2.55076029058155e-05,6.98947271839647e-06,0.54940791271433,0.450559590210045
"81",0.000324429236971231,8.82082463819268e-05,0.796412088702353,0.203175273814294
"82",0.000246655525318298,6.70415519790934e-05,0.876495767672189,0.123190535250514
"83",6.02204193001399e-05,1.63678272756057e-05,0.859946575880016,0.139976835873409
"84",1.85946423428505e-05,5.05293065058488e-06,0.970781334078253,0.0291950183487534
"85",8.20947756265335e-06,2.23314690762774e-06,0.918141765085027,0.0818477922905029
"86",1.79245411850681e-05,4.87538724994247e-06,0.953730251071556,0.046246949000009
"87",1.83367670052611e-05,4.99381747103146e-06,0.934418997658185,0.0655576717573391
"88",0.00808525674618179,0.00220307439553553,0.0775723262631261,0.912139342595157
"89",0.00472751598517472,0.00128468638689991,0.482472674980812,0.511515122647113
"90",0.0417304923030704,0.0113437390702427,0.768431213257255,0.178494555369431
"91",0.000854786296036733,0.000232273434031545,0.683258306576296,0.315654633693636
"92",0.000272280160711988,7.4017890027101e-05,0.831861547788222,0.167792154161039
"93",0.101668298378616,0.0277210151635763,0.0347838264792215,0.835826859978587
"94",0.000966132767271271,0.00026244823554583,0.907345747930901,0.0914256710662819
"95",0.670281961896237,0.182823100381546,0.00270043216575172,0.144194505556464
"96",0.766572277558833,0.208368895556869,0.000340779464598582,0.0247180474196993
"97",0.783308797496995,0.212847648503305,0.000115896582408168,0.00372765741729196
"98",9.62954988375817e-07,2.65488032765093e-07,0.0790375560415451,0.920961215515434
"99",0.000597742860450361,0.000162447790534362,0.814350362785344,0.184889446563671
"100",6.9040352580747e-08,1.91775684552615e-08,0.0922953670121296,0.907704544769949
"101",8.61458275724181e-06,2.35113916818867e-06,0.366770490704258,0.633218543573817
"102",3.94425460399035e-05,1.07288544265583e-05,0.693187948163645,0.306761880435888
"103",0.00014451612789381,3.92803913810264e-05,0.906682729266073,0.0931334742146523
"104",2.0761225910436e-05,5.65259294959971e-06,0.801074162527584,0.198899423653556
"105",9.32911906991278e-05,2.53624319126232e-05,0.913493002201793,0.0863883441755949
"106",1.38350229888823e-05,3.76304188799954e-06,0.897627857331223,0.102354544603901
"107",0.000454304147052575,0.000123646720905481,0.915572786313535,0.0838492628185074
"108",4.71585981868546e-06,1.28483731145225e-06,0.920177937221095,0.079816062081775
"109",2.22337994608487e-05,6.05411153299592e-06,0.933298312832216,0.0666733992567899
"110",2.20217158024457e-05,5.98927777508824e-06,0.951370203745035,0.0486017852613876
"111",1.81284587716629e-05,4.93761468146521e-06,0.590289896891987,0.40968703703456
"112",0.000227884575315129,6.19388587354506e-05,0.886493139348502,0.113217037217447
"113",1.72695048766744e-05,4.70945970247285e-06,0.693087113098046,0.306890907937375
"114",0.000117558570732343,3.19499786557575e-05,0.923395079258955,0.0764554121916573
"115",1.23612107120026e-05,3.36514656983022e-06,0.810881939386941,0.189102334255777
"116",9.69322216952737e-05,2.63543330038378e-05,0.909064111228028,0.0908126022172724
"117",1.81527727305203e-06,4.93941490821198e-07,0.876685268767335,0.123312422013901
"118",4.84470247398874e-05,1.3187285801476e-05,0.894057410658664,0.105880955030795
"119",4.30124032137882e-06,1.17812126125268e-06,0.887995968418068,0.111998552220349
"120",8.06055653695265e-06,2.19427135669893e-06,0.917189989261827,0.0827997559102798
"121",1.15762837419489e-05,3.14671078697782e-06,0.972787465411934,0.0271978115935366
"122",1.99617754175986e-05,5.43503671856456e-06,0.921434921365016,0.0785396818228475
"123",6.6025088875037e-08,1.85283873800321e-08,0.092909346864347,0.907090568582177
"124",1.79750711206446e-05,4.89040708610236e-06,0.52443139621838,0.475545738303413
"125",4.48776412826664e-05,1.22050256902608e-05,0.774595328984493,0.225347588348534
"126",0.000104557050473587,2.84317163943611e-05,0.888229440614096,0.111637570619035
"127",0.000108485433013279,2.95145285503658e-05,0.857294744242102,0.142567255796334
"128",3.58591686255006e-06,9.76104013364316e-07,0.658025325706821,0.341970112272303
"129",0.000196833591931166,5.35153087160685e-05,0.858297597267292,0.14145205383206
"130",1.74438059389064e-06,4.78199217887903e-07,0.681306838323546,0.318690939096642
"131",3.62310827998229e-05,9.87725183585126e-06,0.762474540805971,0.237479350859394
"132",2.32839657169946e-05,6.33203030000061e-06,0.889800107664793,0.11017027633919
"133",3.03479117562006e-05,8.25547139213781e-06,0.933468945953463,0.0664924506633885
"134",2.73129806031816e-05,7.4278137943391e-06,0.943697980435819,0.0562672787697835
"135",9.33970212897354e-06,2.541011828606e-06,0.720003086778128,0.279985032507915
"136",2.46052472477871e-05,6.69512546777504e-06,0.584951644656472,0.415017054970812
"137",4.66183347598294e-06,1.27234459441725e-06,0.730703772593042,0.269290293228888
"138",4.87252626634975e-05,1.3259688553155e-05,0.670918340863393,0.329019674185391
"139",5.14001921027729e-05,1.39842024574903e-05,0.842907386808905,0.157027228796535
"140",7.62174880054323e-06,2.07088902031691e-06,0.980174481854161,0.0198158255080181
"141",0.000276797798339856,7.52587799153244e-05,0.860120944557374,0.139526998864371
"142",3.40247643577705e-08,9.4997869790105e-09,0.0886559716188436,0.911343984856605
"143",6.64866421955066e-06,1.81624508038511e-06,0.196287532061866,0.803704003028834
"144",4.12238144329666e-05,1.12073249999896e-05,0.715585258422186,0.284362310438381
"145",0.000145321630581602,3.9510489261762e-05,0.878327070326014,0.121488097554142
"146",6.73381928127856e-06,1.83268994782106e-06,0.82954581270681,0.170445620783961
"147",7.35948783788981e-05,2.00205783931469e-05,0.893260435601871,0.106645948941357
"148",6.01825033026454e-06,1.64013908797731e-06,0.878066706644806,0.121925634965775
"149",3.78185660808439e-05,1.02835105401118e-05,0.938482832743196,0.0614690651801833
"150",5.29960774803573e-06,1.44264411159625e-06,0.916789634371652,0.0832036233764887
"151",1.95611639720235e-05,5.3234183253114e-06,0.942180500594489,0.0577946148232138
"152",1.84442887665517e-05,5.01971561718536e-06,0.924978293238962,0.0749982427566547
"153",6.41993056100554e-06,1.74925782134679e-06,0.289558040864134,0.710433789947484
"154",5.08980774270422e-05,1.38501774244791e-05,0.592780532086112,0.407154719659037
"155",0.000118964339319568,3.23334567364905e-05,0.906129728600342,0.093718973603602
"156",4.31358767583318e-05,1.1737655603156e-05,0.736539935366422,0.263405191101217
"157",1.01066000553612e-05,2.74461702270192e-06,0.984972592865935,0.0150145559169868
"158",8.62361614316069e-06,2.34607943716547e-06,0.803577612177255,0.196411418127164
"159",2.96984085158931e-05,8.07873752243668e-06,0.9158391490686,0.0841230737853615
"160",1.27912428034147e-05,3.48388399542129e-06,0.772589120173059,0.227394604700142
"161",1.06947571405794e-05,2.90706796786678e-06,0.9628619533988,0.0371244447760912
"162",1.44243349986598e-06,3.93366095110975e-07,0.295543520141712,0.704454644058693
"163",6.94167855428451e-05,1.8895946060339e-05,0.372189592994217,0.627722094274179
"164",1.67179398402753e-05,4.5513510273266e-06,0.225433867117426,0.774544863591707
"165",0.000124714505582141,3.3915883326237e-05,0.464197963424727,0.535643406186365
"166",3.70948649715687e-06,1.01728649751755e-06,0.308012750243524,0.691982522983481
"167",6.82342910215097e-06,1.85079729575949e-06,0.993711809950589,0.00627951582301336
"168",1.41382789408475e-06,3.86096145971108e-07,0.308251947254682,0.691746252821278
"169",1.63560489670588e-05,4.45684203610807e-06,0.405884845848626,0.594094341260371
"170",3.48845029080267e-06,9.51706500927369e-07,0.425624363668084,0.574371196175125
"171",0.000112519259307197,3.06080244540731e-05,0.756668109019571,0.243188763696668
"172",4.70143547111723e-06,1.28451336040906e-06,0.386755209487219,0.613238804563949
"173",4.25428593308695e-06,1.16316976005339e-06,0.302791322113727,0.69720326043058
"174",8.05679360430309e-07,2.20338206684703e-07,0.0714039405361494,0.928595033446283
"175",1.42640662606256e-06,3.89430667410575e-07,0.00564350941388231,0.994354674748824
"176",8.33624098093677e-07,2.27849408094043e-07,0.0386096989058201,0.961389239620674
"177",1.34583934416033e-05,3.6680349173885e-06,0.112281000264612,0.887701873307029
"178",1.65490234810782e-06,4.5166530023027e-07,0.00912339314715552,0.990874500285196
"179",1.1923389324612e-05,3.25251957706469e-06,0.313472740252963,0.686512083838135
"180",1.34935271714739e-06,3.68340502064964e-07,0.265424618254907,0.734573664051874
"181",1.78431412041645e-05,4.85980621039034e-06,0.413022707689749,0.586954589362837
"182",2.90645355092378e-05,7.92632102239929e-06,0.43391367245158,0.566049336691889
"183",4.6989473248635e-07,1.28395821624463e-07,0.214113307240953,0.785886094468493
"184",2.77325391717299e-05,7.55270060194956e-06,0.176249204192554,0.823715510567672
"185",0.000468289301802683,0.000127707727427517,0.216921031236995,0.782482971733774
"186",5.43342352387184e-07,1.48829847721113e-07,0.237409334014616,0.762589973813184
"187",1.56158797342325e-06,4.26477217309065e-07,0.300767634610452,0.699230377324357
"188",5.83460350156231e-05,1.58937891955928e-05,0.638902424609239,0.36102333556655
"189",1.09510463204505e-06,2.99381430217836e-07,0.286148867940954,0.713849737572984
"190",1.57671165517637e-05,4.29342896791679e-06,0.324585073424131,0.675394866030349
"191",1.36460351099523e-05,3.72549326528351e-06,0.307044407866023,0.692938220605601
"192",6.34418493260378e-07,1.73038340295092e-07,0.316836254317565,0.683162938225601
"193",5.87052776435399e-06,1.60610632416059e-06,0.349897870923007,0.650094652442905
"194",4.44324234017625e-05,1.20998535457666e-05,0.712508198694143,0.287435269028909
"195",4.72023684659945e-06,1.28966878416109e-06,0.393136640264941,0.606857349829428
"196",2.75287101210871e-05,7.48628990019431e-06,0.874315966350111,0.125649018649868
"197",1.55713040549946e-05,4.24264440929116e-06,0.401160476801372,0.598819709250164
"198",8.74990651453576e-07,2.40525763718457e-07,0.0786848430686127,0.921314041414972
"199",0.000102772908296232,2.7992889737734e-05,0.354599855342435,0.645269378859531
"200",0.000201406019983974,5.4749075775489e-05,0.632538518247807,0.367205326656433
"201",1.93055027597549e-05,5.2474281570842e-06,0.773828393922478,0.226147053146605
"202",9.06853618513563e-05,2.46790092784153e-05,0.851146155495954,0.148738480132916
"203",7.24918194003893e-06,1.97364459853642e-06,0.838477927663001,0.16151284951046
"204",1.67986427823806e-06,4.58163596274563e-07,0.860764833300144,0.139233028671982
"205",7.74374589956243e-05,2.11056976679702e-05,0.841649862044738,0.158251594798599
"206",4.31356439966852e-05,1.17414514372131e-05,0.881262138826856,0.11868298407771
"207",5.54238523512219e-06,1.51239752220286e-06,0.896698363752751,0.103294581464492
"208",1.90243660595193e-05,5.18542058994231e-06,0.91595953041944,0.0840162597939102
"209",5.61809895567907e-05,1.55203132877993e-05,0.899647971746682,0.100280326950473
"210",2.14651057357802e-05,5.92060789606228e-06,0.0664462939766022,0.933526320309766
"211",1.65299022822211e-05,4.50094603826299e-06,0.405336037911313,0.594642931240366
"212",5.56526061859287e-06,1.51579091598186e-06,0.522277740515708,0.477715178432757
"213",6.92057265026111e-05,1.88414754347806e-05,0.643326669263441,0.356585283534622
"214",0.00159908233834429,0.000434649982370338,0.880516706548111,0.117449561131174
"215",5.29067941922401e-05,1.4387500913555e-05,0.712532377341465,0.287400328363429
"216",4.61108495088481e-05,1.25418832740992e-05,0.883703445664578,0.116237901602639
"217",1.87995909182391e-05,5.12249732358432e-06,0.588218834120198,0.41175724379156
"218",8.85848112714815e-05,2.4086457497418e-05,0.625415572256812,0.374471756474419
"219",2.90865825698118e-05,7.91671078367226e-06,0.676238034265762,0.323724962440884
"220",6.73593566656501e-05,1.83281891659742e-05,0.677194044471389,0.322720267982779
"221",4.75314882233678e-05,1.29198940590783e-05,0.891686286762966,0.108253261854751
"222",4.62229812286167e-06,1.25499750058249e-06,0.860596507741761,0.139397614962615
"223",1.31294649978072e-05,3.57386439798718e-06,0.910624706702149,0.0893585899684553
"224",7.80831528521432e-06,2.1215540277016e-06,0.982865269609571,0.0171248005211162
"225",1.47473500079312e-05,4.0134021043429e-06,0.940315192640791,0.0596660466070964
"226",1.20251248573119e-06,3.26407495393006e-07,0.995674248863489,0.00432422221652952
"227",7.76735095673009e-06,2.11213832320056e-06,0.974339858155135,0.0256502623555846
"228",2.22238986143826e-06,6.07864963986485e-07,0.886052863082009,0.113944306663166
"229",3.9235287842149e-05,1.0667315435152e-05,0.943208991775269,0.0567411056214539
"230",1.2328488581347e-06,3.35999473402658e-07,0.924703774843206,0.0752946563084628
"231",1.06183563743582e-05,2.89075769727208e-06,0.943077058363102,0.0569094325228262
"232",1.19752973692029e-06,3.25008441605705e-07,0.995960375362699,0.00403810209912291
"233",1.21226936697545e-05,3.29780392674258e-06,0.962510851463539,0.0374737280388646
"234",5.0501834653015e-06,1.37810555386063e-06,0.937065294705557,0.0629282770054242
"235",1.30792579843212e-05,3.55602547186797e-06,0.968530377338637,0.031452987377907
"236",8.44606383181331e-06,2.29683501530902e-06,0.966269737435238,0.0337195196659152
"237",2.81457066065431e-06,7.65937828127009e-07,0.982719855913708,0.0172765635778028
"238",0.00177464517706461,0.000485972684898171,0.0188801012120117,0.978859280926026
"239",0.0348843297725879,0.00950191056786184,0.0503751338985385,0.905238625761012
"240",0.740820117505692,0.201400764407775,0.0032340643047633,0.0545450537817694
"241",0.000462298077307648,0.000125562730627406,0.929346268259672,0.0700658709323924
"242",0.000440039611654048,0.000119639597688001,0.961992003287327,0.0374483175033311
"243",5.52523629154282e-06,1.50037454137568e-06,0.966146682254691,0.0338462921344761
"244",3.58364083208146e-07,9.733405107071e-08,0.997145962554645,0.00285358174722044
"245",5.14472160424911e-08,1.40345398620383e-08,0.964159876748812,0.0358400577694319
"246",8.18050379603814e-07,2.23624388956499e-07,0.981049714324234,0.0189492440009969
"247",5.47287863163744e-09,1.50575859641816e-09,0.939167718048672,0.0608322749726905
"248",4.41391914262345e-07,1.20848860187701e-07,0.834796168069864,0.165203269689362
"249",2.86132027144847e-08,7.92845204616523e-09,0.938290287099427,0.0617096763589187
"250",3.62508774318504e-07,9.92898507741452e-08,0.830986411204685,0.16901312699669
"251",1.15037210888959e-07,3.14198322430098e-08,0.967884597004554,0.0321152565384026
"252",1.51480662872421e-07,4.1375843051346e-08,0.978941477491327,0.021058329652167
"253",9.60622049036885e-09,2.63922248572685e-09,0.970796668307104,0.0292033194474534
"254",1.11923225520211e-07,3.07922355878707e-08,0.992158991971812,0.00784086531272646
"255",1.73728940762138e-08,4.8650585556339e-09,0.94318682993405,0.0568131478279974
"256",0.00265707482368049,0.000724514240359895,0.0118505052986855,0.984767905637274
"257",0.000396754526320453,0.000107807808944689,0.878915194807956,0.120580242856779
"258",0.00771586561171211,0.00211991974004893,0.00478204760074701,0.985382167047492
"259",0.582744947246292,0.15858629829908,0.00407879489628191,0.254589959558346
"260",0.614610390692808,0.166981855256212,0.0621073089188459,0.156300445132134
"261",0.769505009388293,0.209165289519012,0.000228532347633428,0.0211011687450608
"262",0.778621801408802,0.211569079534641,0.00155192342704375,0.00825719562951319
"263",0.785341758689605,0.213398773416247,1.1951529422041e-05,0.00124751636472661
"264",0.786274028938393,0.213647312873894,8.29829302773719e-07,7.78283584101908e-05
"265",0.785508631844792,0.213438100866101,0.000188684811002158,0.000864582478104944
"266",0.00809952371476929,0.00220210534857157,0.00915710182965995,0.980541269106999
"267",0.0103251027187544,0.00281346109864684,0.00988968569171769,0.976971750490881
"268",0.00947839535824227,0.00257571152328976,0.809887942855147,0.178057950263321
"269",0.0251744913523129,0.00689052710439639,0.00820229127776725,0.959732690265524
"270",0.00336955128551256,0.000915562883344724,0.710836675657925,0.284878210173218
"271",0.421566815923745,0.115199670323612,0.000993478678116597,0.462240035074527
"272",0.744525317169992,0.202391019656905,0.00134080766099811,0.0517428555121041
"273",0.437964686783431,0.119041060203442,0.00193403668086004,0.441060216332266
"274",0.166918554536051,0.0453504240885953,0.696924007459586,0.0908070139157668
"275",0.635367387663772,0.172894202753741,0.000810133047023232,0.190928276535463
"276",0.56520175821191,0.153574429552958,0.280271632440221,0.000952179794911198
"277",0.762833998766092,0.207546496751284,4.75212786031463e-05,0.02957198320402
"278",0.784868608792676,0.213293633755715,9.83740889325051e-07,0.00183677371071996
"279",0.784989579564195,0.213297302828129,0.000490882107470866,0.00122223550020542
"280",0.786124256774706,0.213609209373233,9.64493203396133e-08,0.000266437402740295
"281",0.78632223084907,0.213660250074047,6.80691338062652e-08,1.74510077494503e-05
"282",0.786329907498232,0.213662321292608,1.85118644828848e-09,7.76935797362703e-06
"283",0.786300021440319,0.213654169428365,2.38928129091297e-06,4.34198500260191e-05
"284",0.786335862976106,0.21366363205847,2.03810084482105e-10,5.04761613287765e-07
"285",0.786336066232125,0.213663661985832,3.038980166569e-10,2.71478144609503e-07
"286",0.786333664810098,0.213663172785618,1.01439944826182e-07,3.06096433879815e-06
"287",0.786307699781393,0.213656232001377,1.42580123248014e-06,3.46424159979094e-05
"288",0.786330413540221,0.213662265989357,6.61796104550013e-08,7.25429081121306e-06
"289",0.786317496695312,0.21365885930109,4.01665963142634e-07,2.32423376342016e-05
"290",0.786318825051348,0.213659209119831,7.54374979836238e-07,2.12114538411197e-05
"291",0.786334287309984,0.213663281100044,4.41445564458122e-09,2.42717551666804e-06
"292",0.786318556843528,0.213659136235823,4.53115358943767e-07,2.18538052894249e-05
"293",0.78633610377622,0.213663654529074,9.61837653918421e-11,2.41598522072048e-07
"294",0.786335404946548,0.213663522657833,2.25237567639573e-09,1.07014324368159e-06
"295",0.786325647264259,0.213661015193485,1.89305466873092e-07,1.3148236788919e-05
"296",0.786331404835757,0.21366256836579,1.73359870044029e-07,5.85343858250576e-06
"297",0.786335761960327,0.213663605848858,1.09318504475797e-09,6.31097630318809e-07
"298",0.786324279096666,0.21366065411599,2.55775430445825e-07,1.48110119129926e-05
"299",0.786334868691815,0.213663406819579,7.39166494563681e-09,1.71709694053405e-06
"300",0.786329673201092,0.213662084938092,3.81000121972065e-08,8.20376080419411e-06
"301",0.786332567244913,0.213662828561557,3.60671012103912e-08,4.56812642842961e-06
"302",0.786331055300837,0.213662429057847,4.73954820916266e-08,6.46824583383532e-06
"303",2.66379092436527e-07,7.44877596804052e-08,0.0111561620660591,0.988843497067089
"304",0.000119324968636438,3.24847923593126e-05,0.401632816816556,0.598215373422448
"305",0.00675323664899412,0.00183561910548494,0.684101025109419,0.307310119136102
"306",0.000177179934525879,4.83777793701097e-05,0.483867433244267,0.515907009041837
"307",0.049688840786168,0.0135036338009343,0.93192111937899,0.00488640603390792
"308",6.85974706526479e-06,1.8656854220422e-06,0.705582523310188,0.294408751257324
"309",7.41745470169389e-05,2.02103212776728e-05,0.776459326212331,0.223446288919375
"310",0.00147258986294669,0.000400288484395506,0.918538263234957,0.0795888584177004
"311",0.000126737403549345,3.4453353026557e-05,0.905033953706969,0.0948048555364549
"312",5.48622934825204e-06,1.49632458658683e-06,0.787304339464029,0.212688677982036
"313",4.27956611341297e-05,1.16373278432126e-05,0.888239656281043,0.11170591072998
"314",4.47930782663039e-05,1.21896584508385e-05,0.913557801628397,0.0863852156348856
"315",9.2218362585142e-06,2.51210908733394e-06,0.859553231753015,0.14043503430164
"316",2.64526247590565e-05,7.19207490054478e-06,0.927839263186543,0.0721270921137976
"317",1.84938618970337e-05,5.03307480202274e-06,0.945381193702836,0.0545952793604645
"318",1.01076736340077e-05,2.74981872426603e-06,0.918704658274019,0.0812824842336231
"319",5.51221551562883e-06,1.5020719971838e-06,0.937712495919887,0.0622804897926001
"320",3.19265431274235e-06,8.6940473281614e-07,0.95766338965337,0.0423325482875843
"321",6.3451562551271e-06,1.72506743172322e-06,0.97967507077564,0.020316859000673
"322",4.76038968718612e-06,1.29684366270935e-06,0.967391518720438,0.0326024240462116
"323",0.000125256277436233,3.40727765605503e-05,0.982925838634474,0.0169148323115289
"324",4.69092398635797e-06,1.27635139704799e-06,0.97793719115726,0.0220568415673569
"325",1.16427302876054e-07,3.38187330907215e-08,0.00713305443881389,0.99286679531515
"326",0.00494524480756046,0.00134655171113646,0.105762142772006,0.887946060709297
"327",1.95576526891528e-05,5.30707355161172e-06,0.991440850725076,0.00853428454868294
"328",0.0319877136791057,0.00870313779991848,0.130650348542471,0.828658799978504
"329",0.735385777276125,0.199933820162967,0.00531422658829926,0.0593661759726086
"330",0.000237266456853103,6.44367376984032e-05,0.749522603791105,0.250175693014343
"331",0.000106333727408101,2.89199852016644e-05,0.829017083098701,0.170847663188689
"332",6.67888880751125e-05,1.81636493473128e-05,0.798054381056549,0.201860666406028
"333",5.12052323348109e-05,1.39281731109904e-05,0.896553490089603,0.103381376504951
"334",1.32729103796103e-07,3.82577814909432e-08,0.0066055899200545,0.99339423909306
"335",0.00107206923097432,0.000291459711160286,0.639926657246856,0.358709813811009
"336",2.24926052956791e-06,6.41393597956817e-07,0.00474942519671632,0.995247684149156
"337",0.112162822080196,0.0304908500071272,0.252961651776588,0.604384676136089
"338",2.23881866115919e-06,6.2006298316363e-07,0.00430648701706699,0.995690654101289
"339",0.002724927921552,0.000740321032102147,0.961300745814351,0.0352340052319952
"340",9.93147030074595e-06,2.83325887974646e-06,0.00154826551228878,0.998438969758531
"341",0.478354529007838,0.130049437585397,0.0676525362550162,0.32394349715175
"342",0.778602557288929,0.211596416481988,0.000315471446517864,0.00948555478256514
"343",0.45198182669391,0.122812863711908,0.41116483087108,0.0140404787231021
"344",8.68704168955462e-07,2.47262107631369e-07,0.00139567892326894,0.998603205110454
"345",0.000112685469002209,3.06179620870426e-05,0.863409400532657,0.136447296036254
"346",2.30610214374497e-05,6.27025640838084e-06,0.920424708649467,0.079545960072687
"347",3.16940670590084e-05,8.61979001781672e-06,0.905412374470549,0.0945473116723744
"348",1.86807159693137e-09,5.28836751782816e-10,0.00106174906104589,0.998938248542046
"349",4.93739343824898e-08,1.39945835611237e-08,0.00103256252573748,0.998967374105745
"350",0.000683598451380386,0.000186301164745837,0.0260448365690233,0.97308526381485
"351",0.0711506705153027,0.0193374899134328,0.76659368256408,0.142918157007185
"352",0.000938488164359525,0.00025568129811301,0.0251154016603937,0.973690428877134
"353",0.214335817608151,0.0583231830337348,0.0118041932581767,0.715536806099937
"354",0.784891902722768,0.213301578345945,5.81588709876853e-06,0.00180070304418802
"355",0.219412226942932,0.0596134338743788,0.0147691369229972,0.706205202259692
"356",0.134661496209008,0.0365882179923031,0.225876388480535,0.602873897318154
"357",0.653952992593934,0.177970237237492,0.00491409442978972,0.163162675738785
"358",0.786233215016411,0.213644566557692,6.71821363003725e-08,0.000122151243760841
"359",0.000121622084172387,3.30902254561228e-05,0.0660334553930026,0.933811832297369
"360",5.98412036331321e-05,1.62838706287293e-05,0.515109420308581,0.484814454617157
"361",1.57051118511153e-05,4.27600246530472e-06,0.101501135993974,0.89847888289171
"362",0.000495255889507301,0.000134924818955171,0.303004824573544,0.696364994717993
"363",4.44268218555502e-05,1.20819810973467e-05,0.549370585883308,0.450572905313739
"364",0.000170368052038813,4.63347834419747e-05,0.765247048760494,0.234536248404025
"365",5.86552600604038e-05,1.59670687968005e-05,0.722871788534982,0.277053589136161
"366",1.04419335679624e-05,2.83576615703409e-06,0.983917023161173,0.016069699139102
"367",7.72694775426864e-05,2.10131884674147e-05,0.878941682306068,0.120960035027922
"368",3.80477452020901e-05,1.03684126085529e-05,0.156013521350634,0.843938062491555
"369",0.000159623072513257,4.3391510665854e-05,0.561534786650236,0.438262198766585
"370",4.6925313723498e-05,1.27572989600548e-05,0.892167077078382,0.107773240308934
"371",0.000453569627895621,0.000123509843627509,0.185576616388744,0.813846304139733
"372",0.00195299877754417,0.000532612276682147,0.176332083643408,0.821182305302366
"373",4.83598736297298e-05,1.31618984231214e-05,0.431303300272447,0.5686351779555
"374",0.0228945053400025,0.00624330557915529,0.162325397901952,0.80853679117889
"375",0.765378016387079,0.208102088144512,0.000463230480575637,0.0260566649878334
"376",1.092257953356e-05,2.95777867209378e-06,0.996406908759545,0.00357921088224979
"377",3.193198408188e-07,9.02803341657601e-08,0.00262291470067458,0.99737667569915
"378",0.0073713544212094,0.00200360629454896,0.730298258006732,0.26032678127751
"379",7.030961228175e-09,1.96213934330667e-09,0.00418454334822884,0.995815447658671
"380",1.49976344244779e-07,4.16111417517283e-08,0.028796874838662,0.971202933573852
"381",0.000143774083567096,3.91165734830547e-05,0.476786291145621,0.523030818197329
"382",0.000346130614241698,9.4108117813245e-05,0.784919157007178,0.214640604260767
"383",0.000304592414478841,8.27985258680978e-05,0.830529573883158,0.169083035176495
"384",2.23320116343357e-07,6.2519345785817e-08,0.03780768876013,0.962192025400408
"385",4.0214254662009e-06,1.09326484918435e-06,0.534761021053477,0.465233864256208
"386",1.20938740909311e-05,3.30763570639418e-06,0.590016948140197,0.409967650350006
"387",0.000133660874911564,3.63258625836519e-05,0.91212630618612,0.0877037070763845
"388",1.9365974817254e-05,5.27031777872478e-06,0.703556432038993,0.296418931668411
"389",0.000108706136284592,2.95928021115912e-05,0.799821429707572,0.200040271354032
"390",0.000100743454614919,2.74029348474275e-05,0.714152849984787,0.285719003625751
"391",6.24513584713543e-06,1.70280840437998e-06,0.645695370763592,0.354296681292156
"392",2.18833760496424e-05,5.96283261620981e-06,0.716155537811275,0.28381661598006
"393",5.95618561818275e-05,1.61871732645538e-05,0.940714678953616,0.0592095720169376
"394",1.54652449118434e-05,4.20778670566645e-06,0.76521425650225,0.234766070466132
"395",2.18277257121214e-05,5.93278723425673e-06,0.92224158773351,0.0777306517535436
"396",3.00758707602594e-05,8.19613083372576e-06,0.749400324325041,0.250561403673365
"397",3.35886036105623e-05,9.13512949503052e-06,0.828068478582198,0.171888797684696
"398",8.60982023148028e-06,2.34034739811617e-06,0.934936599226029,0.0650524506063416
"399",6.27209161178911e-06,1.70900882557922e-06,0.939447261081906,0.0605447578176562
"400",3.41793695847068e-06,9.29117767508828e-07,0.985518789437108,0.0144768635081661
"401",1.5511921625596e-05,4.21884602318761e-06,0.883943795900495,0.116036473331856
"402",0.000301814828661111,8.21078671951866e-05,0.95469022157622,0.0449258557279241
"403",3.38447148103952e-06,9.21940860310907e-07,0.851523502056,0.148472191531659
"404",3.55570096891828e-06,9.69863316913607e-07,0.764380374112928,0.235615100322786
"405",5.96710647753679e-06,1.64200911696015e-06,0.0487740964564212,0.951218294427984
"406",5.6907584000215e-05,1.54780342261876e-05,0.50519486992221,0.494732744459563
"407",0.000101838688576083,2.77050008074875e-05,0.724846046360583,0.275024409950034
"408",6.15065828337411e-05,1.67252809121041e-05,0.860054113586807,0.139867654549447
"409",1.5342492512006e-05,4.17085384005299e-06,0.961857851813229,0.038122634840419
"410",2.06983115814745e-05,5.62797860555417e-06,0.699080057474699,0.300893616235114
"411",7.03569684599499e-05,1.91547562780809e-05,0.809183526912395,0.190726961362867
"412",4.3676269373415e-06,1.19124553825625e-06,0.648185387353146,0.351809053774378
"413",3.4508043878392e-06,9.44463137507345e-07,0.620782422964821,0.379213181767654
"414",3.79244568130368e-06,1.03380901585267e-06,0.118875075846245,0.881120097899058
"415",1.33151514819475e-06,3.60790200191133e-07,0.996187685202964,0.00381062249168807
"416",0.000130582303804336,3.60338038891798e-05,0.0538304768304118,0.946002907061895
"417",0.687088566821149,0.186731034121589,0.0443057112177301,0.0818746878395325
"418",3.47094650270537e-06,9.44755091310273e-07,0.0975177015768086,0.902477882721597
"419",1.49369505564579e-06,4.06536187307063e-07,0.271865708450741,0.728132391318016
"420",1.40006288594497e-06,3.82086322260771e-07,0.286703383069734,0.713294834781058
"421",4.80030189872473e-05,1.30675727802704e-05,0.308751898373111,0.691187031035121
"422",7.75022597992123e-05,2.10764388673873e-05,0.477052111518109,0.522849309783224
"423",3.26575400488464e-05,8.88585039445556e-06,0.115811443467668,0.884147013141889
"424",1.16286002255597e-05,3.1789426334915e-06,0.33757053169835,0.662414660758791
"425",8.73010778632215e-07,2.358576942384e-07,0.999025213683688,0.000973677447838714
"426",1.11693087129018e-05,3.04360310124464e-06,0.387248680795044,0.612737106293142
"427",6.21447182405532e-05,1.6917153975476e-05,0.334019305424256,0.665901632703528
"428",0.000165446245972125,4.50064258506727e-05,0.714793003093323,0.284996544234854
"429",5.79542543116061e-06,1.58771783555363e-06,0.354484039632598,0.645508577224136
"430",0.000291122103572938,7.9170102794927e-05,0.692533837857687,0.307095869935946
"431",4.4016863836861e-06,1.19879180804724e-06,0.518627197073948,0.48136720244786
"432",0.000161699444768515,4.39696229933757e-05,0.811580675851607,0.188213655080631
"433",1.86125204098462e-06,5.09425019722788e-07,0.545948679892603,0.454048949430336
"434",0.00014205926204304,3.86369409722689e-05,0.798649914788453,0.201169389008532
"435",1.46775450040462e-06,4.00484165776134e-07,0.561469662649364,0.43852846911197
"436",5.35397156194715e-05,1.45888368410994e-05,0.574014353121053,0.425917518326486
"437",3.56181685386471e-06,9.7120649932313e-07,0.613473441594409,0.386522025382238
"438",6.68668185926414e-05,1.81968134135464e-05,0.766528839432726,0.233386096935268
"439",3.03372805916192e-05,8.27755296897109e-06,0.620701309327873,0.379260075838567
"440",1.64356234169859e-06,4.50566859823973e-07,0.15189108777684,0.848106818093958
"441",5.55976721600474e-05,1.51133710276481e-05,0.748503093377745,0.251426195579067
"442",9.74048920115077e-05,2.64978857499887e-05,0.854386819346218,0.14548927787602
"443",2.66541645420808e-05,7.24888612200372e-06,0.890520496145825,0.109445600803511
"444",2.45109424299309e-05,6.67275189997491e-06,0.921425952037217,0.0785428642684533
"445",0.000294131557749301,8.01208725298869e-05,0.914697074776633,0.0849286727930877
"446",8.50343696472953e-07,2.32939704884888e-07,0.186284637903679,0.813714278812919
"447",5.3277924373624e-07,1.45363273616027e-07,0.217061942776215,0.782937379081268
"448",7.52154855257852e-06,2.06418095725538e-06,0.30219466778734,0.69779574648315
"449",6.81682163060375e-05,1.85479346682596e-05,0.634550952995967,0.365362330853059
"450",0.00012774613029741,3.4757396606181e-05,0.789494247649511,0.210343248823585
"451",4.7215632414034e-05,1.28302975961904e-05,0.946761023382922,0.0531789306870674
"452",0.00015238559938313,4.14491971781605e-05,0.582873496963771,0.416932668239667
"453",4.85591901248563e-05,1.31954561297186e-05,0.940729718908738,0.0592085264450079
"454",3.95915253155639e-05,1.07695499091103e-05,0.557533831066435,0.44241580785834
"455",4.28047959332032e-06,1.17070481976388e-06,0.195894625044785,0.804099923770801
"456",2.30100956532102e-06,6.31771045850678e-07,0.185465245835476,0.814531821383913
"457",0.00227176022832621,0.000617328598377281,0.927778269225298,0.0693326419479989
"458",2.39376483609659e-06,6.58221566701758e-07,0.170330418106686,0.829666529906912
"459",7.61972648550978e-07,2.08341252289012e-07,0.104409156169998,0.895589873516101
"460",0.000100195878191728,2.72935957278557e-05,0.10337806787456,0.896494442651521
"461",0.00216049553133907,0.000587764323831159,0.0705270517121427,0.926724688432687
"462",0.0288309106081829,0.00785360139440081,0.0847305823036096,0.878584905693807
"463",1.9547379274221e-06,5.37635728036178e-07,0.110783104737965,0.889214402888379
"464",1.28739690342594e-06,3.54242093256543e-07,0.106535912857265,0.893462445503738
"465",0.000351477335116099,9.58186897370128e-05,0.113668897698813,0.885883806276333
"466",0.00403288499852636,0.00109884180411159,0.0609330621957853,0.933935211001577
"467",0.778949430121699,0.211817722411815,1.81628412284482e-05,0.00921468462525815
"468",0.000767437046723563,0.000208597921331018,0.139801683032598,0.859222281999348
"469",3.99438218189102e-06,1.08846906439722e-06,0.183027264536869,0.816967652611885
"470",5.70378409638198e-05,1.55251394859521e-05,0.293741273527619,0.706186163491931
"471",2.42351131811952e-06,6.60721300121353e-07,0.264447512503629,0.735549403263753
"472",2.81496701144232e-05,7.67040992574605e-06,0.312097379868966,0.687866800050994
"473",5.43602204892345e-06,1.48195862594288e-06,0.401670333636835,0.59832274838249
"474",1.39532543128383e-05,3.80003083482229e-06,0.401442716592852,0.598539530122001
"475",1.13817059813793e-06,3.09673275792011e-07,0.711505546922656,0.28849300523347
"476",9.96557970201556e-06,2.71682595438626e-06,0.87785881229096,0.122128505303383
"477",1.16038732518541e-07,3.19069084650772e-08,0.728160441463677,0.271839410590682
"478",1.10635080061156e-06,3.04579153241949e-07,0.70750959737213,0.292488991697916
"479",7.42808379636647e-06,2.0300942434862e-06,0.851678587747263,0.148311954074697
"480",1.76360182810367e-05,4.8026980969461e-06,0.39403994309276,0.605937618190862
"481",1.03757292596807e-05,2.82736609202171e-06,0.0317905161810617,0.968196280723587
"482",1.26438055959961e-05,3.45072966604891e-06,0.522284948766148,0.47769895669859
"483",0.00332643425445574,0.000904284866215553,0.635041945024431,0.360727335854898
"484",1.88735713194182e-06,5.15878863864419e-07,0.641447902104698,0.358549694659307
"485",5.48157392732512e-06,1.49315520822315e-06,0.763148206517541,0.236844818753323
"486",1.67186557231323e-05,4.55217747667219e-06,0.801798534191437,0.198180194975363
"487",4.7651975584904e-05,1.29646380169754e-05,0.892442400259004,0.107496983127395
"488",1.95075256750274e-05,5.30805147497077e-06,0.623235556348163,0.376739628074687
"489",5.23751571305607e-06,1.42493017709124e-06,0.889334511574504,0.110658825979605
"490",2.19537653886054e-05,5.98280055361534e-06,0.911255993333687,0.0887160701003711
"491",1.70227674728616e-05,4.63448346314998e-06,0.935348843501794,0.0646294992472701
"492",0.000211288377025948,5.75029151992569e-05,0.95876374987768,0.0409674588300947
"493",5.23494671824095e-06,1.42306441590392e-06,0.981848478225545,0.0181448637633213
"494",6.18821865875957e-06,1.68765035410015e-06,0.753927227521894,0.246064896609093
"495",6.04401073027882e-06,1.64447411409862e-06,0.803233602792945,0.196758708722211
"496",2.36354694959446e-05,6.4392069621145e-06,0.767635117816032,0.23233480750751
"497",3.90241483294322e-05,1.06239536171483e-05,0.877703736125588,0.122246615772465
"498",4.14966453989903e-06,1.12868000060343e-06,0.922846776312365,0.0771479453430942
"499",1.01656624654459e-06,2.76510966979011e-07,0.956304938352411,0.0436937685703751
"500",2.83861214507314e-06,7.793573171755e-07,0.956781697948167,0.0432146840823703
"501",8.11311462782617e-06,2.20871150963269e-06,0.9644710290867,0.0355186490871622
"502",2.79103532433487e-07,7.58300420976599e-08,0.964638459967338,0.0353611850990874
"503",7.75666822355747e-06,2.11385409926011e-06,0.961803919528012,0.0381862099496657
"504",1.42565038051989e-08,3.90568743746737e-09,0.96892632771509,0.0310736541227189
"505",4.00427573798727e-06,1.09153119585188e-06,0.974130884382957,0.0258640198101091
"506",8.7396985414521e-05,2.3808010274943e-05,0.973731475893952,0.0261573191103584
"507",2.51832686502809e-06,6.8481240039521e-07,0.987491564932543,0.0125052319281913
"508",1.19380311332152e-08,3.34951620817127e-09,0.968165556741835,0.0318344279706175
"509",5.45470731737267e-06,1.48360588684484e-06,0.957372261749841,0.0426207999369544
"510",7.76671304217159e-08,2.18034221931644e-08,0.96614310677587,0.0338567937535774
"511",6.91624335556644e-06,1.88171553001205e-06,0.972877571114622,0.0271136309264925
"512",1.22476735742953e-06,3.33655907459464e-07,0.9021052333057,0.0978932082710354
"513",6.10258836105278e-06,1.66742666435258e-06,0.925500037345451,0.0744921926395234
"514",1.38305510889736e-07,3.86611095626407e-08,0.00714410665412941,0.99285571637925
"515",0.000236795161052355,6.4390240683426e-05,0.407956402346598,0.591742412251666
"516",0.000186774329704554,5.08008241169147e-05,0.406018120062991,0.593744304783188
"517",2.79988933615016e-07,7.76189111973321e-08,0.00918968458074056,0.990809957811415
"518",5.82928010835632e-05,1.59559927695148e-05,0.0054366633762153,0.994489087829932
"519",5.70618427633935e-05,1.55296238270771e-05,0.334614286045375,0.665313122488034
"520",7.53521923252831e-05,2.05747093266682e-05,0.389435206618126,0.610468866480222
"521",0.00358366032791548,0.000974300786615613,0.718420435950708,0.277021602934761
"522",0.000382142643389017,0.000104359620596848,0.445117375111343,0.554396122624671
"523",0.062472815757094,0.0169859807206489,0.383644142241181,0.536897061281076
"524",3.10883153651739e-06,8.44389237165427e-07,0.703511753761571,0.296484293017655
"525",2.34550154173277e-05,6.3918126941701e-06,0.791567797483209,0.20840235568868
"526",5.73236718130453e-05,1.55862387535831e-05,0.91652357958016,0.0834035105092736
"527",5.11731305251108e-05,1.3912182718207e-05,0.927256762881342,0.0726781518054146
"528",3.64693591363379e-06,1.00100815304101e-06,0.729255745102368,0.270739606953565
"529",3.68572496425478e-06,1.00548006154381e-06,0.778190181199077,0.221805127595897
"530",4.91055390143012e-05,1.33491297908942e-05,0.931267278751744,0.068670266579451
"531",7.6364729810688e-06,2.08373339407054e-06,0.799337104272708,0.200653175520917
"532",4.80283402036074e-05,1.30769035450186e-05,0.86537218629991,0.134566708456341
"533",0.000326942334161166,8.90132601562e-05,0.780526211081874,0.219057833323809
"534",3.93367688868228e-05,1.06931274016499e-05,0.929641143900444,0.070308826203267
"535",0.00113355719595915,0.000312854990227708,0.00140671376448863,0.997146874049324
"536",0.00826765937447277,0.00225078936969355,0.0164890853095915,0.972992465946242
"537",0.000356076878677074,9.67819627850121e-05,0.523412635773135,0.476134505385403
"538",0.00185218796509981,0.000503650166271542,0.821204163158991,0.176439998709637
"539",5.17795994067435e-05,1.40816464665879e-05,0.543313027285513,0.456621111468614
"540",0.00126212762686927,0.000343019336516942,0.501030387198111,0.497364465838502
"541",1.58513796969348e-05,4.31418628482802e-06,0.589054655295723,0.410925179138295
"542",3.73094458164372e-05,1.01614239510843e-05,0.78582201084399,0.214130518286242
"543",0.0943394551618783,0.025707067224761,0.00216324901264827,0.877790228600712
"544",0.092877611040438,0.0252392226065156,0.0210597853026434,0.860823381050403
"545",0.09955407660328,0.027054557274395,0.0709614400122831,0.802429926110042
"546",0.0154336344537834,0.00419323838376415,0.616431444321218,0.363941682841235
"547",0.0925211602987036,0.0251432364705984,0.0997944462041324,0.782541157026566
"548",0.198074338329252,0.0538256756224799,0.173242979760065,0.574857006288203
"549",0.732850177197549,0.199748986045528,4.99214655191149e-05,0.0673509152914036
"550",0.78292005292371,0.212745435576589,8.11889105058885e-05,0.00425332258919576
"551",0.781614389158461,0.212417600560915,2.33868889677433e-06,0.00596567159172685
"552",0.785055879152673,0.213319052488467,1.36705823277115e-05,0.0016113977765318
"553",0.782523865333191,0.212631636347351,1.09530258009027e-05,0.00483354529365745
"554",0.771598170592097,0.209688380659251,0.00241463841200225,0.016298810336649
"555",0.785890622704393,0.213544565069815,1.14209011666297e-06,0.000563670135675899
"556",0.786279500041871,0.213648806813316,3.50044817618114e-07,7.13430999951982e-05
"557",0.786322875452254,0.213660292474983,1.58831934823257e-07,1.66732408277011e-05
"558",0.786135743842667,0.213607961030404,8.24306211706071e-05,0.000173864505758017
"559",0.785002240623624,0.213270862763657,0.000249945385745452,0.00147695122697316
"560",0.78613848548534,0.213611278128718,7.47661434554377e-06,0.00024275977159597
"561",0.394799003734788,0.107245693400346,0.479968680277073,0.0179866225877922
"562",0.00762066329741109,0.00208818832946419,0.00094399140756279,0.989347156965562
"563",0.705873695808583,0.192473831688,0.00011566155925704,0.101536810944161
"564",0.785669625884619,0.213487302673295,1.13708522895414e-05,0.000831700589796804
"565",0.782373770604061,0.212651626719565,2.16397134323547e-06,0.00497243870503108
"566",0.785963475033594,0.213563512214409,1.93309088520799e-05,0.000453681843144396
"567",0.786247258694875,0.213643682625435,9.62276397284762e-09,0.000109049056925886
"568",0.786319249831382,0.213659326062864,1.83263024764126e-07,2.12408427295956e-05
"569",0.786295534442181,0.213652952979673,4.81686384172455e-06,4.66957143047853e-05
"570",0.786283947169694,0.213649863325563,3.15138903395345e-06,6.30381157085742e-05
"571",0.786327442475914,0.213661543259469,2.6721979764024e-08,1.09875426370493e-05
"572",0.786298491390729,0.213653840890066,8.13360095018925e-07,4.685435911015e-05
"573",0.786328608301703,0.213661820708051,2.43405151835502e-07,9.32758509402241e-06
"574",0.786296729667359,0.213653275572937,4.56187570242635e-06,4.5432884001852e-05
"575",0.00354143412437877,0.000962298923263953,0.0794424549207407,0.916053812031617
"576",0.000597174624859083,0.000162300238011131,0.316070849199264,0.683169675937865
"577",0.000199005734635668,5.40898162160159e-05,0.834637826610711,0.165109077838437
"578",0.000202028434712105,5.49276058202726e-05,0.512218449302627,0.48752459465684
"579",0.00757893915181744,0.00206463652255389,0.0742924299167066,0.916063994408922
"580",0.0983570745782204,0.0267429133711245,0.156086940552827,0.718813071497829
"581",0.780747981002018,0.212258203637936,2.69436961479154e-05,0.00696687166389835
"582",0.0333974519380864,0.00907242433931687,0.867862209405237,0.0896679143173595
"583",0.00881117143688678,0.00239657358169866,0.087906959187238,0.900885295794176
"584",0.000206011064926876,5.59751262781904e-05,0.711830617236252,0.287907396572543
"585",0.000154343095553787,4.20070837199149e-05,0.729684817682786,0.270118832137941
"586",1.1373548344562e-05,3.091574525895e-06,0.723379243711974,0.276606291165155
"587",1.3006268040124e-05,3.54800477288517e-06,0.844912549425747,0.15507089630144
"588",0.0627894414629353,0.0170920729278703,0.0776400933565832,0.842478392252611
"589",0.778312573270955,0.211571096332694,6.4322892026824e-05,0.0100520075043241
"590",0.0616609576998375,0.0167549094443048,0.175609108589273,0.745975024266584
"591",0.00167185504529954,0.000454121921272357,0.865124932013313,0.132749091020116
"592",0.160886935875898,0.0437213463729426,0.17916678792383,0.61622492982733
"593",8.34931421207316e-07,2.28413757632648e-07,0.192935902355726,0.807063034299095
"594",5.20229375729561e-05,1.41924207915242e-05,0.380626352260274,0.619307432381361
"595",0.000104043936176367,2.8270885766904e-05,0.90680580136544,0.0930618838126165
"596",2.70581879750317e-05,7.35973954792468e-06,0.675702892094376,0.324262689978101
"597",3.1670344167391e-05,8.60721699350467e-06,0.925259865135839,0.0746998573029997
"598",8.84647779607593e-06,2.40554424039602e-06,0.971389565545186,0.028599182432778
"599",1.13581206411206e-05,3.08954020725198e-06,0.962178209161071,0.0378073431780807
"600",1.0001367968818e-06,2.72243050583768e-07,0.75105022900312,0.248948498617032
"601",1.25281393763572e-05,3.42305717424824e-06,0.792409750184594,0.207574298618855
"602",6.3731011531078e-05,1.7351307987331e-05,0.854981252456426,0.144937665224056
"603",6.72591340496252e-06,1.83981552560427e-06,0.755856227433433,0.244135206837637
"604",6.43677328632332e-05,1.75324769140942e-05,0.811137967939801,0.188780131850421
"605",2.15170375010117e-06,5.90973672127431e-07,0.275231826272034,0.724765431050544
"606",0.000130704616039559,3.55471043236116e-05,0.67604363302877,0.323790115250867
"607",2.8879746513563e-05,7.84532196234419e-06,0.97180865786242,0.0281546170691039
"608",7.02806483256836e-05,1.91119206893986e-05,0.846619649603542,0.153290957827443
"609",2.38895219368951e-05,6.49650615451683e-06,0.929274389767832,0.0706952242040763
"610",8.1976663538607e-06,2.22978261023471e-06,0.968811946423515,0.0311776261275212
"611",1.51620482903829e-05,4.13401019117514e-06,0.360135636122878,0.63984506781864
"612",0.00818268860269283,0.00222633340212312,0.385566071192653,0.604024906802531
"613",0.774834101602094,0.210626568617496,0.000269151019762935,0.0142701787606472
"614",0.000321191043969259,8.72519711124784e-05,0.675594180619105,0.323997376365813
"615",6.11080788756258e-05,1.66158276303579e-05,0.826491637646645,0.173430638446849
"616",4.59072896193531e-05,1.24909558594155e-05,0.893961091216483,0.105980510538038
"617",6.27650110092582e-05,1.70662171680173e-05,0.846184761581338,0.153735407190484
"618",1.69010304586666e-05,4.59354815269605e-06,0.965772842795586,0.0342056626258026
"619",2.73264956373062e-05,7.42975441010627e-06,0.944565813178311,0.0553994305716416
"620",1.75327132578192e-07,4.79399959350019e-08,0.427565630804878,0.572434145927993
"621",2.80902122087827e-06,7.7045749003639e-07,0.474888337724253,0.525108082797036
"622",0.00324391097928836,0.000881850109037873,0.796838436396843,0.199035802514831
"623",2.88958405583615e-06,7.93617527317063e-07,0.503279240823845,0.496717075974572
"624",7.13207470819393e-05,1.94049236415264e-05,0.736514594485888,0.263394679843389
"625",9.2652124954052e-05,2.51872656702849e-05,0.907228308430543,0.0926538521788328
"626",3.62532290098611e-05,9.85388038008302e-06,0.920207598821678,0.0797462940689319
"627",1.29642011106027e-05,3.52742138924635e-06,0.953631571688192,0.0463519366893081
"628",2.43008129406825e-05,6.61464736370525e-06,0.57362950104159,0.426339583498105
"629",0.00013555976653468,3.68500539467371e-05,0.875718024588053,0.124109565591466
"630",6.21958036428608e-05,1.7021490054776e-05,0.570465413705021,0.429455369001281
"631",0.000140584190120319,3.82194614171088e-05,0.858811884949028,0.141009311399434
"632",0.00122209889861748,0.000333869165775613,0.54158763759847,0.456856394337137
"633",0.00260936477554411,0.000709512977919186,0.778159647361498,0.218521474885039
"634",0.031408865601677,0.00854803010074538,0.31312358064571,0.646919523651868
"635",0.00177602945126106,0.000482483914928854,0.807232022263025,0.190509464370785
"636",0.692828542886425,0.188605071774818,0.00826208729760543,0.110304298041152
"637",1.61389773467173e-07,4.44107504533893e-08,0.492482918104344,0.507516876095132
"638",2.04170883870234e-06,5.56941213849831e-07,0.605661612151355,0.394335789198593
"639",8.49036741549529e-05,2.31347940164817e-05,0.711637251947628,0.2882547095842
"640",4.11779854166255e-05,1.1188655800849e-05,0.959650669917209,0.0402969634415732
"641",5.29869843461624e-05,1.43987582656882e-05,0.950212562718398,0.0497200515389903
"642",9.51400348990376e-06,2.59975247653385e-06,0.65215073426402,0.347837151980014
"643",4.79854463276307e-05,1.30747107289674e-05,0.742460420710181,0.257478519132762
"644",5.73061303978309e-05,1.55759407524227e-05,0.906505925729709,0.093421192199141
"645",1.3904401889461e-05,3.77707910867799e-06,0.924943949910075,0.0750383686089263
"646",7.66563719161727e-06,2.08990541491936e-06,0.941951708201925,0.0580385362554687
"647",0.000727796973209462,0.000198113973026963,0.696037873355114,0.30303621569865
"648",0.069133775947437,0.0187938441980254,0.409779307257868,0.502293072596669
"649",0.000165640871066717,4.50290192386357e-05,0.801652979409746,0.198136350699949
"650",5.3392569818843e-05,1.45171311950169e-05,0.890131522334259,0.109800567964728
"651",0.000828727542217833,0.000225443649012301,0.883985302390951,0.114960526417819
"652",6.31713191205736e-08,1.74060622064769e-08,0.528481196761386,0.471518722661233
"653",1.04117978739666e-06,2.87551007278437e-07,0.542095247794274,0.457903423474931
"654",0.000242886683373,6.60277097623363e-05,0.851458183814441,0.148232901792424
"655",0.000345534996516713,9.38893083422402e-05,0.985701339572714,0.0138592361224267
"656",4.47896787674569e-07,1.22480746519495e-07,0.561573404109365,0.438426025513101
"657",3.5798507257957e-05,9.74592950582263e-06,0.700307805831407,0.299646649731829
"658",0.00011627803830711,3.16281682038468e-05,0.821877110923463,0.177974982870026
"659",8.28510414668085e-05,2.25240605129782e-05,0.835007236801464,0.164887388096556
"660",1.76164429172909e-06,4.85099828407807e-07,0.560778568753129,0.439219184502751
"661",6.73724532501775e-05,1.83479155690584e-05,0.703928144778555,0.295986134852625
"662",0.000120665634391662,3.28161279769149e-05,0.853851409792395,0.145995108445236
"663",9.26916744415633e-05,2.53878682177881e-05,0.541251495175045,0.458630425282295
"664",6.0526117750113e-05,1.64517796001824e-05,0.861683432076625,0.138239590026025
"665",3.14086991681148e-05,8.54668673370362e-06,0.912940389115321,0.0870196554987772
"666",0.0037001813111125,0.00100872868180898,0.431312857701725,0.563978232305353
"667",0.719250913392136,0.195520173391411,0.0312870919246024,0.0539418212918514
"668",0.00254108806347111,0.00069064281284974,0.488511532939535,0.508256736184144
"669",0.00393614559305571,0.00107088682586699,0.487248562237297,0.50774440534378
"670",0.0135142152312204,0.00368489991798951,0.455332642629608,0.527468242221182
"671",0.135095048008296,0.0368436631483221,0.379522598005832,0.44853869083755
"672",1.06646622258171e-06,2.92052758392067e-07,0.598867063204546,0.401131578276473
"673",8.29652508509946e-05,2.25897478310836e-05,0.734674331737607,0.265220113263711
"674",4.43965502584297e-05,1.20641748389429e-05,0.954946138888547,0.0449974003863557
"675",8.00434466887198e-05,2.17562087728273e-05,0.925162904842267,0.0747352955022712
"676",8.21769702576806e-06,2.24989905789394e-06,0.641130151462321,0.358859380941595
"677",0.00199512751110119,0.000542848538338117,0.643703769224855,0.353758254725706
"678",0.000182698148928677,4.96478373775721e-05,0.898999104246966,0.100768549766728
"679",0.0234351985505327,0.00637820219820526,0.532231353725764,0.437955245525498
"680",0.296663761936914,0.0807272957378664,0.303585815518072,0.319023126807147
"681",7.24641988492255e-06,1.97755924802344e-06,0.735465299799599,0.264525476221268
"682",9.13774047687489e-05,2.48390665670669e-05,0.890475673112896,0.109408110415768
"683",1.74492638230953e-05,4.7613872116535e-06,0.81017432911556,0.189803460233406
"684",3.46773965889876e-06,9.40938725277464e-07,0.994456681414195,0.00553890990742133
"685",5.48291560698264e-06,1.49128892699557e-06,0.930602314066026,0.0693907117294397
"686",2.47445499075531e-05,6.73318126212669e-06,0.942284463183923,0.0576840590849073
"687",2.13037600323382e-06,5.79761438433813e-07,0.970701708017847,0.0292955818447113
"688",0.000210678163530737,5.73005452639052e-05,0.973789735062194,0.025942286229011
"689",3.07944298030728e-07,8.39365338990205e-08,0.983221706443888,0.0167779016752799
"690",3.49832837330639e-06,9.51054228771371e-07,0.986209103080996,0.0137864475364019
"691",5.29638389323675e-08,1.4523895420804e-08,0.987727215024589,0.0122727174876763
"692",3.2090526012855e-06,8.75653305982101e-07,0.976851465844477,0.0231444494496155
"693",1.5865974471118e-07,4.34507928875133e-08,0.990144063562753,0.00985573432670942
"694",9.55097628438365e-05,2.60021759555959e-05,0.978019827864192,0.0218586601970086
"695",2.48435886341201e-07,6.81087272162128e-08,0.990475088985432,0.00952459446995427
"696",1.70084413938724e-06,4.64609568965606e-07,0.982738774623278,0.0172590599230139
"697",1.51514998823975e-05,4.15381202324102e-06,0.986968538136676,0.0130121565514181
"698",5.02738644446883e-05,1.37056927764381e-05,0.980476962562048,0.0194590578807313
"699",3.84125091037151e-08,1.08383134656497e-08,0.0119317409651102,0.988068209784067
"700",1.40176948313442e-05,3.81732502493176e-06,0.389021656122223,0.610960508857921
"701",0.000158981098873992,4.31979914193605e-05,0.93221343297014,0.0675843879395667
"702",3.66871288330892e-06,1.0045961537312e-06,0.49579571894745,0.504199607743513
"703",0.000433967197654408,0.000118016084276255,0.752851008788267,0.246597007929803
"704",2.67239742360022e-07,7.29742471698008e-08,0.622990225216289,0.377009434569721
"705",5.57872030113436e-06,1.53967462504405e-06,0.647910570608228,0.352082310996846
"706",3.18087293639102e-05,8.67541901781475e-06,0.718977859347098,0.28098165650452
"707",0.000198224384702979,5.38991691209768e-05,0.860976502695274,0.138771373750902
"708",0.000165310793379265,4.49372914744012e-05,0.894423172690721,0.105366579224425
"709",2.14847122266694e-06,5.88673031043881e-07,0.680291670622027,0.319705592233719
"710",0.000168878346706336,4.59005132959188e-05,0.90667441306025,0.093110808079748
"711",4.17677156225098e-06,1.14646675109876e-06,0.715602911260475,0.284391765501212
"712",2.34054755438865e-05,6.35735258012595e-06,0.97879291108098,0.021177326090896
"713",1.02951552892251e-06,2.80816159203006e-07,0.777386192659621,0.222612497008691
"714",2.505880530293e-05,6.82313035238708e-06,0.843513836345366,0.156454281718979
"715",4.90246072403126e-05,1.33252870342623e-05,0.945607567676221,0.0543300824295041
"716",8.40012819438467e-05,2.28524722509105e-05,0.892187261927696,0.107705884318109
"717",5.51831845863522e-07,1.50785759171171e-07,0.801934387723357,0.198064909659038
"718",2.95936046779971e-06,8.06919981914263e-07,0.822386860127595,0.177609373591956
"719",2.76293393179031e-05,7.57173667575262e-06,0.834435782035734,0.165529016888272
"720",7.58095524344623e-05,2.06306142198174e-05,0.801409537679419,0.198494022153926
"721",1.35590710873345e-05,3.70114927676349e-06,0.82237312480837,0.177609614971266
"722",6.8102419275059e-05,1.85187998614173e-05,0.716869839250239,0.283043539530624
"723",0.000208237012321463,5.6730942965248e-05,0.862611605074671,0.137123426970042
"724",0.0112867164733354,0.00306955495986087,0.904551419977956,0.0810923085888483
"725",8.52057864003168e-05,2.31692021387863e-05,0.910214857485797,0.0896767675256637
"726",2.64020897675754e-07,7.44534221984507e-08,0.0156398917242044,0.984359769801476
"727",4.51498199794442e-05,1.22590367851815e-05,0.956558952645396,0.0433836384978396
"728",7.98900668433764e-06,2.17333458960203e-06,0.969184181648814,0.0308056560099123
"729",7.83385005381752e-08,2.17253830994727e-08,0.0188554598772936,0.981144440058823
"730",2.59816190390704e-06,7.08992741138438e-07,0.0224890219981524,0.977507670847203
"731",6.33727002863067e-06,1.72687778933602e-06,0.202943591449258,0.797048344402923
"732",3.60276903474738e-05,9.80381733843973e-06,0.445266999434523,0.554687169057791
"733",0.000175329875567793,4.76689898469327e-05,0.60902687746396,0.390750123670626
"734",6.4099923918602e-05,1.74530769268982e-05,0.583464070286859,0.416454376712296
"735",5.46742165216961e-05,1.48701801790698e-05,0.682602822518068,0.317327633085231
"736",1.86066726886233e-05,5.05899335965694e-06,0.920192524644647,0.0797838096893048
"737",3.46120264085757e-06,9.4128934885356e-07,0.980641336853596,0.0193542606544142
"738",1.64798655862121e-06,4.47766939410763e-07,0.991397845931912,0.0086000583145902
"739",2.91070652125071e-05,7.93620676268562e-06,0.312641650572109,0.687321306155916
"740",7.12097233792945e-05,1.93651087403684e-05,0.344425782508483,0.655483642659398
"741",4.76050399270292e-06,1.29761135549317e-06,0.026190463750841,0.973803478133811
"742",6.30083276685066e-05,1.71399592787624e-05,0.435800016343337,0.564119835369716
"743",9.54168134981697e-05,2.59473434877916e-05,0.724709285000352,0.275169350842662
"744",7.71910667209413e-05,2.09884017341123e-05,0.863112161427819,0.136789659103726
"745",0.000270987803994368,7.36432734579498e-05,0.926838398132771,0.0728169707897767
"746",1.5344254720377e-05,4.16862760179668e-06,0.957328224192054,0.0426522629256236
"747",4.43307889663198e-06,1.20726785162034e-06,0.970968711856831,0.0290256477964206
"748",6.77053914259757e-05,1.85566129655963e-05,0.0191999986019086,0.9807137393937
"749",2.78927442586141e-05,7.57233206390539e-06,0.984756395973436,0.0152081389502418
"750",0.000475168834311624,0.000130254021432271,0.0106572887662964,0.98873728837796
"751",0.000405750820460656,0.000110724661815148,0.00951710215414247,0.989966422363582
"752",0.129296183588749,0.0351436681570106,0.225412636690185,0.610147511564055
"753",8.29403926586234e-06,2.27050478248995e-06,0.00584166852630207,0.99414776692965
"754",0.000351484975595184,9.57118950298986e-05,0.29049532599823,0.709057477131145
"755",1.48995978525716e-05,4.06577323332219e-06,0.466664557102968,0.533316477525946
"756",0.00308889878751333,0.000839593435603854,0.844444222523774,0.151627285253109
"757",7.79538620629657e-06,2.14293443694859e-06,0.00258042563490544,0.997409636044451
"758",0.00706734198757902,0.0019287039078746,0.00394810203824679,0.9870558520663
"759",0.000214851413805632,5.83796282763191e-05,0.154822002961542,0.844904765996376
"760",0.000114712018973715,3.12018702478247e-05,0.175377120157853,0.824476965952925
"761",1.45389680535697e-05,3.95679699965444e-06,0.381861668507277,0.61811983572767
"762",0.000137031921307685,3.72746885836539e-05,0.734331739644426,0.265493953745682
"763",2.5425877810171e-05,6.93391754417939e-06,0.467606923337694,0.532360716866952
"764",0.00146432768658405,0.000398305955936228,0.509392164688645,0.488745201668835
"765",2.08564633854165e-06,5.67328219174598e-07,0.701342558288901,0.298654788736542
"766",3.05402061029914e-05,8.317345704945e-06,0.839938818815934,0.160022323632258
"767",5.92981538279083e-07,1.62449106613764e-07,0.716162560790338,0.283836683779017
"768",9.46045044471348e-06,2.58133014137894e-06,0.684107377748953,0.315880580470461
"769",2.31111516026781e-05,6.30153543489215e-06,0.822615994632588,0.177354592680374
"770",0.703802473409874,0.191748785574491,0.000279508939957285,0.104169232075678
"771",0.786219010280263,0.213637214263446,1.53875869959431e-07,0.00014362158042161
"772",0.775226720716357,0.210687972848524,3.10193652930985e-05,0.0140542870698253
"773",0.768066730600052,0.208699242398376,0.0099115555430593,0.0133224714585128
"774",0.745738367164637,0.202630530678564,0.0437206471098182,0.00791045504698146
"775",0.754041007765435,0.204890061625395,0.0218779373055275,0.0191909933036423
"776",0.785076722243866,0.213356904588982,4.58411260869537e-07,0.00156591475589079
"777",0.786101681746414,0.213601484633482,8.11446271074393e-07,0.000296022173833224
"778",0.785969341492588,0.213563276328758,0.00010657236914867,0.000360809809505475
"779",0.786140369258451,0.213609711411795,1.62180362036128e-05,0.00023370129355049
"780",0.762203665361012,0.207104737399519,0.0275336545541757,0.00315794268529294
"781",0.786297206645519,0.213653432889223,1.21681167001508e-06,4.81436535878649e-05
"782",0.786071425300611,0.213592682359455,1.33365934632291e-06,0.000334558680587286
"783",0.78605381983074,0.21358836236112,1.16245704235258e-05,0.00034619323771626
"784",0.786312801532244,0.213657649971112,1.87228685535689e-07,2.93612679583734e-05
"785",0.780549224483378,0.212093204362348,0.0040177905398908,0.00333978061438384
"786",0.785690397372679,0.213490833022936,4.92006900394717e-05,0.000769568914345291
"787",0.780603473832071,0.212108635773605,0.00292538701675456,0.0043625033775698
"788",0.785876362841587,0.213538608864452,6.1346182194289e-05,0.000523682111766853
"789",2.46291699747818e-06,6.76416514984498e-07,0.0090245711657807,0.990972289500707
"790",1.02615290381719e-05,2.81070781364425e-06,0.437253656182672,0.562733271580477
"791",1.48910785975902e-07,4.08648824648988e-08,0.0125337552328235,0.987466054991508
"792",4.86445130976365e-06,1.32936676023922e-06,0.0332181056468378,0.966775700535092
"793",0.000153023117606678,4.160546330524e-05,0.422638216488272,0.577167154930816
"794",5.35764710650256e-06,1.46136997634222e-06,0.0470677107561911,0.952925470226726
"795",0.000162884679912598,4.43169117427862e-05,0.273494424816842,0.726298373591503
"796",9.47348516378437e-07,2.59649529420207e-07,0.0270450295700943,0.97295376343186
"797",6.51254018076823e-05,1.773120399e-05,0.167523482999268,0.832393660394935
"798",2.35090576062818e-07,6.45645232259812e-08,0.0206397131508652,0.979359987194035
"799",4.62805077358631e-05,1.26200723653339e-05,0.0227625941811088,0.97717850523879
"800",6.4052498736939e-05,1.74206466780672e-05,0.748801068715257,0.251117458139328
"801",0.000408732028443267,0.000112194789960592,0.00770317828117852,0.991775894900418
"802",3.61723575186372e-05,9.84228544512109e-06,0.0103927928752292,0.989561192481807
"803",1.72068979552859e-06,4.70733276531567e-07,0.0608710774148067,0.939126731162121
"804",5.59540580183679e-05,1.52214466963023e-05,0.586094466052641,0.413834358442644
"805",1.45828540114824e-06,3.99973254881699e-07,0.0656858315356527,0.934312310205691
"806",3.33242190847053e-05,9.05917417044831e-06,0.861610835829344,0.138346780777401
"807",4.06934698205892e-07,1.11477180674541e-07,0.0365924119948592,0.963407069593262
"808",2.17673543287652e-06,5.94280434709766e-07,0.0146581379830957,0.985339091001037
"809",1.47863282799671e-05,4.03007511384759e-06,0.110035397920419,0.889945785676187
"810",2.1439825850898e-06,5.88129293240724e-07,0.0462266269804263,0.953770640907695
"811",0.00470526686256351,0.00127925699498784,0.381876407513365,0.612139068629084
"812",5.69097167370903e-07,1.57222285958996e-07,0.0590691556063757,0.940930118074171
"813",3.75275427333148e-05,1.02163381459528e-05,0.424713820561089,0.575238435558031
"814",7.8085483566455e-07,2.17498935316199e-07,0.0686532849487948,0.931345716697434
"815",2.24202854719631e-07,6.15797249769627e-08,0.0845169581582086,0.915482756059212
"816",8.61069087424392e-06,2.34983917564609e-06,0.136083434874321,0.863905604595629
"817",0.000136355512619282,3.70649769239278e-05,0.814760830722581,0.185065748787876
"818",1.62587313575024e-05,4.43300522767372e-06,0.134053298989063,0.865926009274352
"819",0.00191390543568811,0.000520545133700507,0.514473914416348,0.483091635014263
"820",2.34338444715017e-06,6.39688358013332e-07,0.0445794078026343,0.955417609124561
"821",5.73618840585088e-06,1.56619762254708e-06,0.0339949859161202,0.965997711697851
"822",5.36434303821782e-06,1.46175191696185e-06,0.0654891411377514,0.934504032767293
"823",4.32380515547556e-06,1.18413384042687e-06,0.140148155226614,0.85984633683439
"824",1.62620177563308e-05,4.43519803688044e-06,0.40299938144574,0.596979921338467
"825",4.72824252150281e-06,1.29199416582916e-06,0.213940919762167,0.786053060001146
"826",4.48542723658174e-05,1.2380821893107e-05,0.26983342112237,0.730109343783371
"827",0.000329992582474382,9.00003182973922e-05,0.261306938857627,0.738273068241602
"828",0.000120445978000104,3.27485794230935e-05,0.696992169381705,0.302854636060872
"829",0.00646986984979657,0.00176368951006597,0.265325771969878,0.72644066867026
"830",0.000819302621134181,0.000222621967474289,0.652631408473929,0.346326666937463
"831",1.42946342251184e-06,3.90790269658538e-07,0.108517920250325,0.891480259495982
"832",2.6325357101262e-05,7.16448872376829e-06,0.124692935699053,0.875273574455122
"833",0.00026120961194024,7.1460454939895e-05,0.149112081233482,0.850555248699638
"834",0.000424932310712622,0.000115556501321191,0.619664727608771,0.379794783579195
"835",0.024788635127011,0.00674192593036468,0.0815535502503221,0.886915888692302
"836",0.000120071302517918,3.26973058675479e-05,0.0194441471976487,0.980403084193966
"837",0.000114755495942915,3.13327180118842e-05,0.136897594178794,0.862956317607252
"838",0.000376177917671874,0.000102283847940542,0.674337694295216,0.325183843939171
"839",0.00355965778209998,0.000969477509702137,0.101868950311433,0.893601914396765
"840",0.773045051340478,0.210143370818268,0.00022309813861911,0.0165884797026345
"841",0.000267061560630536,7.25869847629607e-05,0.196487374319627,0.803172977134979
"842",0.000173962729815979,4.73405200516617e-05,0.291597613641905,0.708181083108227
"843",9.48151569712631e-05,2.57842922740044e-05,0.404949356459415,0.59493004409134
"844",9.40530461821342e-07,2.5861788834173e-07,0.286402631581786,0.713596169269864
"845",1.31336668541874e-05,3.57540715804473e-06,0.633988350768143,0.365994940157844
"846",1.91430715847295e-05,5.20080212632855e-06,0.927055942779644,0.0729197133466447
"847",1.32962214064299e-05,3.61613208952804e-06,0.962471382034219,0.0375117056122848
"848",6.37482513400774e-06,1.73596712033225e-06,0.939417524725331,0.0605743644824152
"849",7.7223447859322e-06,2.10213798575047e-06,0.943382964240269,0.0566072112769592
"850",1.71403881834142e-06,4.67278986093751e-07,0.746398934844346,0.253598883837849
"851",3.09883004152711e-05,8.42505822807912e-06,0.868666723066807,0.131293863574549
"852",0.000706885926177489,0.000192203071195722,0.913296356870358,0.0858045541322684
"853",3.01629927862019e-06,8.20961155720311e-07,0.884096711226663,0.115899451512903
"854",1.84488632243932e-05,5.0252640798522e-06,0.818960416036376,0.18101610983632
"855",1.58905143440014e-06,4.32448863288153e-07,0.940500387340137,0.0594975911595649
"856",7.31364476456384e-06,1.99488992457623e-06,0.949556686393702,0.0504340050716083
"857",8.34540319552739e-06,2.2741770641128e-06,0.952719816853946,0.0472695635657946
"858",3.55600165106103e-07,9.73734143011232e-08,0.789879387216444,0.210120159809976
"859",4.18238627777316e-05,1.13821394193913e-05,0.732753493040009,0.267193300957794
"860",2.5546991580293e-06,6.97373129873716e-07,0.0182201198656267,0.981776628062085
"861",8.96778720710793e-05,2.43893859194911e-05,0.716886718679839,0.282999214062171
"862",1.31458857736744e-07,3.63365309957179e-08,0.83316595516422,0.166833877040391
"863",1.29917025672172e-05,3.55310166071175e-06,0.851043276579845,0.148940178615927
"864",8.36902363489473e-05,2.27521548210807e-05,0.923760674492755,0.0761328831160749
"865",4.10370153287934e-05,1.11543133132385e-05,0.942771297985744,0.0571765106856138
"866",6.39136083936658e-06,1.73792377815995e-06,0.977236888349287,0.0227549823660954
"867",1.69132484414225e-07,4.64180604330186e-08,0.873342934331526,0.126656850117929
"868",6.0307744157913e-06,1.64173540196542e-06,0.906592505469967,0.0933998220202156
"869",5.00141397430909e-05,1.36075640977592e-05,0.922545596069008,0.0773907822271516
"870",3.70663611451921e-05,1.00977905769477e-05,0.914005100693952,0.0859477351543264
"871",2.57479037796436e-07,7.11380377080758e-08,0.890470132625208,0.109529538757717
"872",8.1332608935474e-05,2.2118048347692e-05,0.91821552876025,0.0816810205824667
"873",6.19823818593796e-08,1.70624800223283e-08,0.906806744386179,0.093193176568959
"874",8.25117001371222e-07,2.25532033912714e-07,0.91541991224903,0.0845790371019344
"875",5.29307392140736e-05,1.43927444894273e-05,0.935233050542235,0.0646996259740619
"876",2.18664947956466e-06,5.9808845805015e-07,0.917463610686939,0.082533604575123
"877",0.000629088470351614,0.000171105897527819,0.926196884300413,0.0730029213317074
"878",2.07849575784313e-06,5.66522063529059e-07,0.910881886067355,0.0891154689148239
"879",3.14760655424219e-05,8.56934797421451e-06,0.841421538871697,0.158538415714786
"880",1.13968168059765e-05,3.10259981153794e-06,0.932012744740687,0.0679727558426952
"881",1.8326466990947e-05,4.98793091699308e-06,0.945958680848065,0.0540180047540272
"882",8.26097492432267e-08,2.26113583052302e-08,0.920334152156184,0.079665742622708
"883",7.06451193883826e-07,1.93549397193828e-07,0.907025338664704,0.0929737613347048
"884",4.41496984428742e-05,1.20031813155483e-05,0.943165629351366,0.0567782177688757
"885",6.32338590947576e-06,1.73026980544003e-06,0.882979098355888,0.117012847988398
"886",0.000245126552560548,6.69148840478013e-05,0.889668079135102,0.11001987942829
"887",3.15433491275458e-05,8.58321684718353e-06,0.340793634100969,0.659166239333056
"888",1.26497785699058e-06,3.45500442137478e-07,0.9434073053015,0.0565910842202014
"889",0.000531168510227195,0.000144486157823344,0.932509451007857,0.0668148943240928
"890",7.1570756903381e-07,1.95811142167455e-07,0.954819971940922,0.0451791165403671
"891",5.91582811551939e-06,1.60694897482708e-06,0.98757113011605,0.0124213471068592
"892",6.61477522094762e-07,1.81106871977417e-07,0.963447377322376,0.0365517800932298
"893",6.09329405884248e-06,1.65538297573345e-06,0.98634271566961,0.0136495356533556
"894",1.05250472593864e-07,2.87500065526258e-08,0.972340708389096,0.027659157610425
"895",5.93971688511283e-07,1.62199229354436e-07,0.962122658327525,0.0378765855015569
"896",1.47518612157174e-05,4.01180739990341e-06,0.964197546985414,0.0357836893459707
"897",1.25614402702594e-06,3.42717657268602e-07,0.942622317702693,0.0573760834356223
"898",1.30779747307091e-05,3.55934727344607e-06,0.71216529479992,0.287818067878076
"899",1.14747095256129e-05,3.12814315912796e-06,0.946090888239777,0.0538945089075382
"900",1.19838128705168e-07,3.27103809729981e-08,0.978479598454794,0.0215202489966963
"901",2.72227880457939e-06,7.42106499022157e-07,0.970757212511929,0.0292393231027676
"902",4.82886925528383e-06,1.31263629885741e-06,0.983896809928947,0.0160970485654986
"903",9.75020905209072e-06,2.65363760514267e-06,0.96561468666569,0.0343729094876529
"904",3.15323260100187e-07,8.62917760381337e-08,0.978107940222912,0.0218916581620523
"905",2.13229969260619e-07,5.83417328157379e-08,0.976801325450263,0.0231984029780352
"906",2.49007579311489e-06,6.83069870986455e-07,0.972259008560759,0.0277378182935773
"907",1.00568944462307e-05,2.73764042602562e-06,0.964621505533295,0.0353656999318327
"908",4.31176395818537e-07,1.18081358020497e-07,0.383936107986474,0.616063342755772
"909",3.42460077565078e-06,9.35128731634743e-07,0.564646386346445,0.435349253924047
"910",2.74501074653688e-05,7.46887713142512e-06,0.771521051161205,0.228444029854198
"911",0.000111357230819466,3.03058672749408e-05,0.853782653047014,0.146075683854892
"912",0.000767388353126846,0.000208731374506764,0.905341410421836,0.09368246985053
"913",0.00068942370099653,0.000187404619715847,0.955996400453945,0.0431267712253431
"914",7.94674066279967e-05,2.16114636427565e-05,0.894594116357075,0.105304804772654
"915",3.77494209293883e-06,1.02501288554839e-06,0.991488522505169,0.00850667753985294
"916",0.000268151405464419,7.30224130158837e-05,0.916076049407399,0.0835827767741211
"917",0.011339687371572,0.0030833897258825,0.979585430427234,0.00599149247531125
"918",2.86308724506488e-06,7.77299785261035e-07,0.993124802339596,0.0068715572733735
"919",6.98968521560363e-07,1.90576785661585e-07,0.682907097080143,0.317092013374549
"920",9.10448882479259e-07,2.49426680768741e-07,0.704165561499365,0.295833278625072
"921",0.000128665073383124,3.49916479851355e-05,0.526571382598112,0.47326496068052
"922",1.01993998973014e-06,2.7949698126807e-07,0.745207095163447,0.254791605399582
"923",0.000143322111878428,3.89685271866943e-05,0.882414706481689,0.117403002879246
"924",5.78472006020959e-07,1.58492906451498e-07,0.773132260628799,0.226867002406289
"925",0.000105432316438811,2.86914094883808e-05,0.77984325022448,0.220022626049593
"926",3.98882546867292e-07,1.09342171575044e-07,0.805967025031233,0.194032466744049
"927",5.75390992403577e-06,1.5690540868491e-06,0.863520568612,0.136472108423989
"928",5.2503993014781e-05,1.42748330022956e-05,0.933615009265623,0.0663182119083604
"929",6.5813659769843e-06,1.79248156196879e-06,0.912374214926714,0.0876174112257474
"930",3.14917748121554e-05,8.57053849335715e-06,0.929820283880215,0.0701396538064794
"931",2.5052185230483e-06,6.80175240448619e-07,0.971512456344308,0.0284843582619282
"932",4.85691726871956e-07,1.32623800903696e-07,0.976836498551538,0.0231628831329339
"933",5.19203224354974e-07,1.42006933438295e-07,0.980349525288283,0.0196498135015594
"934",3.28935456619397e-07,8.96189091029634e-08,0.982978911222904,0.0170206702227301
"935",1.26582301789146e-07,3.45913835428259e-08,0.987018549506642,0.0129812893196728
"936",1.48259404780491e-07,4.06846810432466e-08,0.986560295506743,0.0134395155491712
"937",5.66639438207363e-07,1.54527286976389e-07,0.99173859299947,0.008260685833805
"938",4.39137540811398e-06,1.1988712539862e-06,0.822110146793995,0.177884262959343
"939",5.11106120529873e-06,1.3874321957754e-06,0.991894655776463,0.0080988457301355
"940",1.42620846329521e-06,3.88969880243297e-07,0.825912269438183,0.174085915383473
"941",0.000720121393211515,0.000195750189151288,0.953571278387233,0.0455128500304038
"942",2.84051156932869e-07,7.79442674449411e-08,0.821011421178494,0.178988216826082
"943",5.41700049919299e-05,1.4743351624501e-05,0.882965564333268,0.116965522310116
"944",4.25449015440998e-07,1.16398578234826e-07,0.789067247765649,0.210932210386758
"945",2.97819795934289e-05,8.10154453920022e-06,0.653935380511804,0.346026735964063
"946",1.96507923330413e-07,5.39907072648624e-08,0.778595741237872,0.221404008263498
"947",4.97592305528796e-05,1.35388852168563e-05,0.882296002584268,0.117640699299962
"948",3.40825979676354e-07,9.37535561713127e-08,0.751570669162598,0.248428896257866
"949",2.77056993435543e-05,7.53070387593527e-06,0.947822848147335,0.0521419154494457
"950",2.78053182672927e-07,7.67841660703814e-08,0.683376829275534,0.316622815887117
"951",2.07191924527523e-07,5.72611278933254e-08,0.644204403570798,0.35579533197615
"952",4.0334743693552e-05,1.10066934820445e-05,0.736133819264608,0.263814839298217
"953",2.00418460145312e-05,5.47881153318741e-06,0.101330661129663,0.89864381821279
"954",0.00755131593236702,0.00205756659702542,0.0306856006856904,0.959705516784917
"955",6.70425940583934e-07,1.83408876859503e-07,0.0648755596796599,0.935123586485523
"956",2.0454290852274e-05,5.5710834065444e-06,0.156515961270719,0.843458013355022
"957",3.12686880162933e-07,8.56883233025466e-08,0.0592739096207229,0.940725692004074
"958",6.49713709963155e-06,1.77359622145883e-06,0.0739256912791503,0.926066037987529
"959",1.2814911237875e-05,3.49603120206415e-06,0.111404630371868,0.888579058685692
"960",7.77724711608746e-07,2.11709959732568e-07,0.798995661675568,0.201003348889761
"961",5.46251402196913e-06,1.49203686184793e-06,0.814970584392151,0.185022461056965
"962",8.93476215543212e-05,2.4296904231703e-05,0.900886662664171,0.0989996928100433
"963",7.56267130712333e-06,2.05839319284638e-06,0.806604826348463,0.193385552587037
"964",3.67871593071654e-07,1.00539160358975e-07,0.784851710953326,0.215147820635921
"965",3.67758678028187e-05,1.00136223455938e-05,0.868208838373732,0.13174437213612
"966",3.15083300889309e-07,8.64100582329129e-08,0.748937437664762,0.251062160841879
"967",7.71887568199672e-06,2.10455313330675e-06,0.61122345496746,0.388766721603725
"968",3.59469574839916e-06,9.80066566742897e-07,0.136317698169347,0.863677727068338
"969",2.11559008831353e-05,5.76912207500499e-06,0.759990845889019,0.239982229088022
"970",0.000542515687211236,0.000147541009383718,0.937819632418775,0.0614903108846298
"971",0.000189555210676265,5.1704640722913e-05,0.717332307603036,0.282426432545564
"972",3.182962156645e-06,8.69861894730106e-07,0.83819086102884,0.161805086147109
"973",1.77765354218225e-07,4.85216710879537e-08,0.867337017156816,0.132662756556159
"974",1.09656445157209e-06,3.00321118638813e-07,0.888082579766063,0.111916023348367
"975",4.53619427540665e-05,1.23484266275275e-05,0.909709949720982,0.0902323399096368
"976",5.12478263995465e-06,1.39617925082109e-06,0.917792217673106,0.082201261365003
"977",1.09007445179434e-05,2.96239801461846e-06,0.977214777080178,0.0227713597772896
"978",1.52716859937704e-05,4.16400736159033e-06,0.928534342332914,0.0714462219737308
"979",6.13162812586232e-06,1.66612982046726e-06,0.984185124624761,0.0158070776172922
"980",0.000190246923824583,5.16974556637601e-05,0.990620382619676,0.00913767300083568
"981",1.17112244591769e-06,3.2003929781427e-07,0.867422759034078,0.132575749804178
"982",5.34197905826272e-05,1.45297530978427e-05,0.9183967939869,0.0815352564694191
"983",7.56492433505159e-07,2.06132662214377e-07,0.843547057989141,0.156451979385763
"984",2.11208747037908e-05,5.75378545175305e-06,0.610834798207115,0.389138327132729
"985",4.59754284876675e-06,1.25712269372923e-06,0.877974819683,0.122019325651458
"986",1.35637972090845e-05,3.68636965886507e-06,0.971915947333976,0.0280668024991561
"987",6.07812454992364e-06,1.65417924301776e-06,0.937587246054661,0.0624050216415463
"988",8.16611624683232e-06,2.22102512575383e-06,0.971010328410936,0.0289792844476915
"989",2.11693620815439e-06,5.75720959480653e-07,0.964465809114793,0.0355314982280396
"990",1.59922677736619e-08,4.35874576134576e-09,0.979132220652108,0.0208677589968784
"991",8.12725094107888e-08,2.21837770942859e-08,0.994823054016653,0.00517684252706021
"992",2.41300109104128e-07,6.5757264060283e-08,0.996247613522536,0.00375207942009076
"993",6.4902305746901e-09,1.77703099660457e-09,0.997762273287762,0.00223771844497659
"994",7.72409723996285e-08,2.12303535339506e-08,0.996893606765898,0.00310629476277643
"995",5.36939869796312e-08,1.48299291968869e-08,0.997085808667947,0.00291412280813663
"996",4.04751948816883e-10,1.1337417125995e-10,0.974452158912137,0.0255478405697371
"997",2.73495293560266e-07,7.52386269976659e-08,0.966063034031963,0.0339366172341162
"998",7.15514296305151e-09,2.01679190725422e-09,0.969613965228647,0.0303860255994178
"999",4.70632614608449e-09,1.29679456533536e-09,0.974213178520338,0.0257868154765418
"1000",6.56844318226377e-07,1.80100262096423e-07,0.981068635741447,0.0189305273139731
"1001",8.77538697696928e-09,2.46078897477625e-09,0.971481243797406,0.028518744966418
"1002",5.58382124220287e-07,1.51958987200826e-07,0.99370296986403,0.00629631979485858
"1003",1.85525820082822e-08,5.11224138961796e-09,0.936515471555588,0.0634845047795887
"1004",1.33436009623354e-07,3.65530663552412e-08,0.913519539180266,0.0864802908306576
"1005",1.14247754356131e-06,3.12975554320697e-07,0.9598718915515,0.0401266529954024
"1006",4.20399546781888e-06,1.1569504095372e-06,0.922240163561932,0.0777544754921908
"1007",1.47288283681602e-06,4.02689396895955e-07,0.961766468861976,0.0382316555657901
"1008",1.14000799149177e-06,3.12282807872119e-07,0.415491272420619,0.584507275288581
"1009",0.000278066512779187,7.57759204452733e-05,0.560578104508542,0.439068053058233
"1010",8.19533088343937e-06,2.2727908650413e-06,0.421065840168,0.578923691710251
"1011",0.00297045915215269,0.0008102216255862,0.39623387795664,0.599985441265621
"1012",0.00484328970541065,0.00131720127862968,0.591695314643476,0.402144194372483
"1013",0.0114487655816368,0.00313159251133072,0.371332698517341,0.614086943389692
"1014",0.479458279469126,0.130402534761021,0.111091909972738,0.279047275797115
"1015",0.519076608381427,0.141015164171997,0.0972918840179836,0.242616343428592
"1016",5.4157820251761e-06,1.47582725435721e-06,0.550449198009589,0.449543910381132
"1017",6.10255992371706e-05,1.65971575712349e-05,0.594439423805562,0.40548295343763
"1018",1.53200458429121e-07,4.20078401034735e-08,0.601710586801158,0.398289217990544
"1019",1.40287505854645e-06,3.83959722445537e-07,0.727355281446079,0.27264293171914
"1020",3.97576764283381e-06,1.08341776722149e-06,0.849535142900305,0.150459797914285
"1021",6.28794032912866e-07,1.70556518120427e-07,0.956581829658578,0.0434173709908711
"1022",7.89851334992793e-06,2.1565679771887e-06,0.9536518696621,0.0463380752565733
"1023",3.02947072174429e-07,8.32468115522373e-08,0.96071951697331,0.0392800968328066
"1024",1.29431936261178e-05,3.52232264565965e-06,0.959820715589793,0.0401628188939351
"1025",3.64066575968487e-06,9.94228631890381e-07,0.964092556323747,0.0359028087818611
"1026",8.29270038073696e-06,2.25581001395372e-06,0.971432302627369,0.0285571488622366
"1027",0.00013222417174375,3.60218083282748e-05,0.959368257789064,0.0404634962308639
"1028",4.64124039883147e-07,1.26431738717947e-07,0.899621757472875,0.100377651971346
"1029",1.93831373507489e-06,5.29455216358796e-07,0.90939193452203,0.0906055977090183
"1030",3.6869409710945e-05,1.0031325908877e-05,0.929989788252704,0.0699633110116758
"1031",7.62920610353408e-06,2.07692390811585e-06,0.908354463687407,0.0916358301825813
"1032",4.95638599035338e-06,1.34941913247486e-06,0.88945443555185,0.110539258643028
"1033",2.76508187038626e-06,7.52307271896016e-07,0.962200896216442,0.0377955863944154
"1034",5.87526495654672e-07,1.60181039156626e-07,0.980989741553193,0.0190095107392726
"1035",2.91920212991875e-07,7.97671493780618e-08,0.987946891498026,0.0120527368146118
"1036",5.10506444378506e-07,1.39455318706616e-07,0.99066993465215,0.00932941538608685
"1037",3.29913371920466e-06,9.01031375880996e-07,0.91554959192422,0.0844462079106853
"1038",2.91348509414135e-05,7.92191622087983e-06,0.950174284812039,0.0497886584207987
"1039",4.54176974315583e-06,1.23602060072702e-06,0.936823629575692,0.0631705926339639
"1040",1.38246514649165e-05,3.76109048332914e-06,0.937915849330572,0.06206656492748
"1041",1.20202761046694e-06,3.27116432307333e-07,0.946496075842047,0.0535023950139099
"1042",5.6777759030013e-06,1.54540972539482e-06,0.970108673605465,0.0298841032089063
"1043",1.25375939194619e-07,3.42229891393135e-08,0.929635640945421,0.0703641994556504
"1044",9.24300969681306e-07,2.53935423657592e-07,0.89789323258336,0.102105589180246
"1045",3.98479151760197e-06,1.08776967921727e-06,0.951938763071184,0.048056164367619
"1046",2.70008936793089e-06,7.35946033488777e-07,0.809649453195353,0.190347110769246
"1047",8.99628894348704e-06,2.4512035987294e-06,0.82979410345514,0.170194449052318
"1048",5.57982351772683e-05,1.51772967809169e-05,0.748857612876961,0.251071411591081
"1049",5.44479038133423e-05,1.48149324224529e-05,0.893089690150536,0.106841047013228
"1050",3.29936445657866e-06,8.95910916855266e-07,0.991633094520273,0.00836271020435327
"1051",9.63970403489705e-06,2.62405832911452e-06,0.903859753544979,0.0961279826926573
"1052",1.1052066332617e-05,3.00645288951696e-06,0.950566695213573,0.0494192462672045
"1053",9.41292331048552e-07,2.56045966457564e-07,0.977699996909267,0.0222988057524352
"1054",3.04244776853127e-06,8.29136553481447e-07,0.977712134077418,0.0222839943382595
"1055",2.59069506442249e-06,7.06894007549726e-07,0.981670015254028,0.0183266871568998
"1056",3.65463838742839e-05,9.97418190186338e-06,0.981781055622155,0.0181724238120693
"1057",3.52095923896212e-06,9.56644998664738e-07,0.972429798113572,0.0275657242821902
"1058",2.67009408924449e-06,7.25761270142047e-07,0.988900114445441,0.0110964896991996
"1059",1.8351650174977e-07,5.00211248734812e-08,0.982265409625832,0.0177343568365418
"1060",1.14745281872145e-06,3.13537291766311e-07,0.98147990030611,0.0185186387037795
"1061",1.9837291942609e-06,5.39811547405394e-07,0.987126874111058,0.0128706023482003
"1062",1.18255107925841e-07,3.22024741723286e-08,0.982192587221564,0.0178072623208535
"1063",6.24549725401931e-05,1.70043022382522e-05,0.986163998969051,0.01375654175617
"1064",1.07065893113222e-08,2.95287062786636e-09,0.979595110667153,0.0204048756733872
"1065",1.75990687723479e-06,4.79861534616606e-07,0.982531815448656,0.0174659447829321
"1066",3.48210072827621e-08,9.61271010978579e-09,0.966183988095086,0.0338159674711968
"1067",2.77526757246988e-08,7.61585531943807e-09,0.622968942351899,0.37703102227957
"1068",1.42321416563796e-06,3.90678864550152e-07,0.599977803568849,0.40002038253812
"1069",8.90959723368197e-07,2.46343538197099e-07,0.610096712975938,0.3899021497208
"1070",3.22770065519815e-07,8.796144791733e-08,0.984553477472313,0.0154461117961737
"1071",1.52273017902481e-07,4.13422707798737e-08,0.998540039900179,0.00145976648453188
"1072",5.27791616183921e-07,1.44639918944118e-07,0.986743486844795,0.0132558407236698
"1073",7.38651397106358e-07,2.02997626215666e-07,0.605458777679085,0.394540280671892
"1074",2.9664128706043e-06,8.07982745821371e-07,0.414933223654459,0.585063001949925
"1075",1.30803038229169e-05,3.56368351981492e-06,0.356253190487481,0.643730165525176
"1076",1.15334902744189e-06,3.15597382293251e-07,0.00579410103531577,0.994204430018275
"1077",2.4073125989814e-05,6.55349162138999e-06,0.360272934953247,0.639696438429142
"1078",3.39155880425838e-05,9.2316623767376e-06,0.40300555896714,0.596951293782441
"1079",0.000821363924965813,0.000223578817983264,0.388921200562276,0.610033856694775
"1080",2.41430425716822e-06,6.58067877036466e-07,0.428396013767079,0.571600913860787
"1081",6.46999566089275e-05,1.75987736597693e-05,0.501567270123727,0.498350431146004
"1082",7.23818405557593e-07,1.97851735020067e-07,0.440156233928596,0.559842844401264
"1083",2.12319250510325e-05,5.78035313995544e-06,0.219534925123509,0.7804380625983
"1084",1.63554408348966e-06,4.48216884503295e-07,0.534153346762345,0.465844569476687
"1085",6.01392693286612e-05,1.6353709888734e-05,0.859458108265394,0.140465398755389
"1086",1.56437955301468e-06,4.28279093116069e-07,0.590345112464291,0.409652894877063
"1087",3.4842828323216e-05,9.50942853506005e-06,0.672369124540053,0.327586523203089
"1088",1.0144904373372e-05,2.76331396195514e-06,0.679981413993185,0.320005677788479
"1089",0.000337271100713788,9.22135829695534e-05,0.758721935091484,0.240848580224833
"1090",1.01713082391375e-05,2.77289275280295e-06,0.642897663282117,0.357089392516891
"1091",1.10526004952451e-05,3.0133094414861e-06,0.716679926960203,0.28330600712986
"1092",2.3013109668502e-06,6.27520231851517e-07,0.778493419206912,0.221503651961889
"1093",1.6247800456642e-05,4.41831649992314e-06,0.856968805108644,0.1430105287744
"1094",1.24344943347512e-05,3.37992107542638e-06,0.968305375014912,0.0316788105696779
"1095",2.39098606541434e-05,6.51234494336769e-06,0.835506540558288,0.164463037236114
"1096",0.000222538177491222,6.06486484207149e-05,0.769126859675573,0.230589953498516
"1097",2.39682559720621e-06,6.55097439084442e-07,0.813315534166866,0.186681413910097
"1098",4.46621198493549e-05,1.21396778823142e-05,0.944526014281006,0.055417183921262
"1099",2.09007373329366e-07,5.70623869080942e-08,0.84089332532034,0.1591064086099
"1100",1.49573322167684e-06,4.07495527006333e-07,0.910430407010257,0.0895676897609944
"1101",1.15763989086217e-05,3.15903984290308e-06,0.922645215063148,0.0773400494981004
"1102",7.50491057840221e-06,2.03971609377864e-06,0.980023243603507,0.0199672117698212
"1103",2.0720055061149e-06,5.64254257546678e-07,0.947994136679552,0.0520032270606849
"1104",1.04032801697591e-05,2.83328583417264e-06,0.955342439405889,0.0446443240281068
"1105",1.80428364627407e-06,4.90952329311496e-07,0.967185387032193,0.0328123177318314
"1106",2.59929913355847e-06,7.10385093158633e-07,0.969345939064882,0.030650751250891
"1107",2.49802453779791e-08,6.86149918206147e-09,0.832508009862937,0.167491958295319
"1108",9.18098827626271e-07,2.51035915298368e-07,0.811246282583271,0.188752548281986
"1109",2.99809969578742e-05,8.16593448779275e-06,0.776422400775438,0.223539452293117
"1110",3.03748843380315e-05,8.2736631026826e-06,0.794901616845919,0.20505973460664
"1111",0.000561514632109264,0.000152824237407363,0.888205453260245,0.111080207870238
"1112",4.71196687404709e-08,1.28977102436396e-08,0.83543145327684,0.164568486705781
"1113",1.80792743967322e-06,4.93319812431318e-07,0.637709442648758,0.36228825610399
"1114",1.26922977352281e-06,3.47028618602221e-07,0.608927933933314,0.391070449808294
"1115",8.57591962284325e-06,2.33947313793312e-06,0.41161654427875,0.588372540328489
"1116",0.000339030378747665,9.23390306426767e-05,0.2488286786299,0.750739951960709
"1117",8.9916065712487e-06,2.44492667293351e-06,0.866427565289513,0.133560998177242
"1118",8.22608830972001e-06,2.24659570040242e-06,0.900217720808301,0.0997718065076887
"1119",7.59621783992706e-08,2.11008001342302e-08,0.853070237164873,0.146929665772149
"1120",3.55126709164464e-05,9.66360010820823e-06,0.869768043727172,0.130186780001803
"1121",3.16296401344945e-08,8.83790759515598e-09,0.866783420423514,0.133216539108938
"1122",8.44232769294165e-07,2.31536273425851e-07,0.842647140911116,0.157351783319842
"1123",2.74892262692894e-05,7.48231046084991e-06,0.765571823372528,0.234393205090742
"1124",2.76786596083868e-05,7.53354719734452e-06,0.762660125013066,0.237304662780128
"1125",2.09052397046379e-08,5.70506493071404e-09,0.934856374830108,0.0651435985595877
"1126",2.9154387862321e-07,8.04258104185058e-08,0.954999178447506,0.0450004495828047
"1127",6.31117274912529e-07,1.72024327353186e-07,0.974322214072325,0.0256769827860727
"1128",6.62572586192977e-06,1.8048730514311e-06,0.96813666145417,0.031854907946917
"1129",1.53547608481208e-07,4.18115134306707e-08,0.984578408551885,0.015421396088993
"1130",2.92469007440709e-06,7.97480388974548e-07,0.978159202151906,0.0218370756776304
"1131",3.20831264836245e-07,8.799069214969e-08,0.98497727000035,0.0150223211776929
"1132",2.37741755672477e-06,6.46882508110595e-07,0.986000859999827,0.0139961157001083
"1133",2.75774805484836e-06,7.51124987782005e-07,0.981390875631117,0.0186056154958408
"1134",6.73913889374814e-07,1.83175083232992e-07,0.984772454212092,0.0152266886989357
"1135",2.6438797153281e-06,7.18796695063954e-07,0.988171230494646,0.0118254068289438
"1136",1.10536516990921e-08,3.01745630810299e-09,0.990011145293749,0.00998884063514306
"1137",3.74718329539371e-08,1.03091790531603e-08,0.989827972455604,0.0101719797633845
"1138",1.27583357845679e-06,3.49097999977536e-07,0.983793653033007,0.0162047220354149
"1139",1.96270650946583e-06,5.35766136192604e-07,0.981763225980245,0.0182342755471092
"1140",2.02859358072273e-07,5.67677572126815e-08,0.989115979246768,0.0108837611261171
"1141",2.02476591166355e-06,5.50575609878322e-07,0.989412244306867,0.0105851803516113
"1142",9.00740990715989e-05,2.45028210116014e-05,0.987899955755391,0.0119854673245255
"1143",1.28536708835293e-08,3.59811005729716e-09,0.937512347649996,0.0624876358982233
"1144",1.70224184270335e-06,4.65815451593287e-07,0.927527605792024,0.0724702261506821
"1145",1.52346629200747e-05,4.14398528813313e-06,0.957424467518021,0.0425561538337705
"1146",1.3767364087661e-05,3.74695525006887e-06,0.719680589850913,0.280301895829749
"1147",3.8822178994698e-08,1.06573170680409e-08,0.944645885755056,0.0553540647654474
"1148",4.26280159220301e-08,1.17503940432084e-08,0.940393965915028,0.0596059797065622
"1149",1.41303825856905e-05,3.8462828718483e-06,0.764116959005504,0.235865064329038
"1150",5.4733613948335e-08,1.50725384968865e-08,0.940860991805629,0.0591389383882187
"1151",1.1851046628179e-05,3.22766636681554e-06,0.818629858020857,0.181355063266148
"1152",2.99895527941748e-07,8.26104815396517e-08,0.946984178432484,0.0530154390615067
"1153",2.76584532257231e-07,7.57709833556998e-08,0.952159236210538,0.047840411433946
"1154",8.14136950009603e-06,2.21509891453242e-06,0.968719170155871,0.0312704733757141
"1155",2.08824475344243e-07,5.69724892782048e-08,0.9485857639095,0.0514139702935355
"1156",6.2906454840693e-06,1.71348121151536e-06,0.763074270744909,0.236917725128395
"1157",7.5405852032432e-08,2.06291208222728e-08,0.958111084242962,0.0418888197220649
"1158",4.70261974244214e-06,1.28048319450305e-06,0.972051622160423,0.0279423947366405
"1159",9.18480313896964e-09,2.52918052886151e-09,0.957614764846964,0.0423852234390523
"1160",9.89183440007522e-08,2.72115365305688e-08,0.949498253717673,0.0505016201524466
"1161",4.05167055744659e-06,1.10352966724822e-06,0.970904863569988,0.0290899812297876
"1162",2.20873761861717e-06,6.03350493123961e-07,0.868059787155727,0.131937400756162
"1163",2.08217673251844e-07,5.70660859007089e-08,0.957492974788223,0.0425067599280175
"1164",8.64467271345874e-08,2.36561306583924e-08,0.949424709927364,0.0505751799697783
"1165",2.14273837099921e-06,5.846975444106e-07,0.818219589274625,0.181777683289459
"1166",1.87922997707206e-06,5.15261568217747e-07,0.958406998088256,0.0415906074201989
"1167",4.23682218114177e-07,1.15293955498337e-07,0.969357445962808,0.0306420150610181
"1168",6.49974476450282e-06,1.76917642484928e-06,0.971222474453301,0.0287692566255091
"1169",2.14178128780557e-08,5.84834939982737e-09,0.972256725502427,0.0277432472314106
"1170",6.98228131521304e-07,1.90836724900571e-07,0.944338619592742,0.0556604913424016
"1171",1.68704380078825e-06,4.58387279677354e-07,0.992129534300672,0.00786832026824777
"1172",4.17737720290331e-06,1.13896396099802e-06,0.820359518467307,0.179635165191529
"1173",2.81384161185266e-08,7.76612273556465e-09,0.974911666233937,0.0250882978615243
"1174",3.30368704991426e-06,9.01869138450429e-07,0.884073463800548,0.115922330643264
"1175",1.34727441631997e-07,3.70356275723059e-08,0.985720269746466,0.0142795584904648
"1176",2.60564468383206e-06,7.09095758297121e-07,0.984632674211739,0.0153640110478186
"1177",3.16803638514061e-08,8.66908734188406e-09,0.993332357277514,0.00666760237303519
"1178",5.81836508266434e-08,1.59591058124544e-08,0.993200616177473,0.00679930967977048
"1179",1.26742931377611e-06,3.45446708726059e-07,0.987818052190112,0.0121803349338656
"1180",8.14342009287692e-07,2.22613023674569e-07,0.988251255638934,0.0117477074060329
"1181",1.52432320043905e-08,4.1564739047019e-09,0.994507637574463,0.0054923430258307
"1182",2.92934877599791e-07,8.05778212731219e-08,0.991848134614432,0.0081514918728691
"1183",3.95021685178732e-08,1.08487001021766e-08,0.992135547627889,0.00786440202124279
"1184",6.36386170649228e-07,1.73769597472509e-07,0.960742666416891,0.0392565234273405
"1185",2.33549701542023e-07,6.36475523126892e-08,0.99440248518382,0.00559721761892658
"1186",2.09084308645815e-07,5.71323646576969e-08,0.995333988678628,0.00466574510469893
